source_code,sku,status,quantity
UAE,8756546789-Black-L,1,10
UAE,c123456,1,200
UAE,BCL-11545,1,18
UAE,Birthday Giftcard,1,2000
UAE,ergerggreg-150 OX,1,1200
UAE,ergerggreg-100 OX,1,1000
UAE,ergerggreg-200 OX,1,100
UAE,SHE-100001-100 OX,1,100
UAE,SHE-100001-150 OX,1,50
UAE,SHE-100001-200 OX,1,20
UAE,She10001-100 OX,1,100
UAE,She10001-200 OX,1,100
UAE,She10001-150 OX,1,100
UAE,CLE-CE0001,1,45
UAE,Get me started - Email Only,0,0
UAE,Zoom Video,0,0
UAE,INS-11547,1,0
UAE,INS-11549,1,0
UAE,INS-11548,1,0
UAE,INS-11546,1,0
UAE,INS-11550,1,0
UAE,BCL-0013,1,0
UAE,FCL-FC030,1,1
UAE,FCL-FC029,1,0
UAE,FCL-FC028,1,0
UAE,BCL-11544,1,0
UAE,BCL-11543,1,37
UAE,HES-11541,1,0
UAE,HES-11537,1,5
UAE,CLE-11523,1,0
UAE,GIF-11283,1,0
UAE,TCN-11284,1,0
UAE,DEN-11515,1,0
UAE,CKR-11286,1,34
UAE,BCL-1157L,1,0
UAE,BCL-1063L,1,0
UAE,BCL-1005L,1,0
UAE,BCL-1008L,1,0
UAE,BCL-2010L,1,0
UAE,BCL-1380L,1,0
UAE,BCL-1384L,1,0
UAE,CLE-CE0045,1,42
UAE,AIA-501575,1,6
UAE,AIA-501577,1,4
UAE,AIA-501576,1,3
UAE,AIA-501573,1,6
UAE,AIA-501572,1,10
UAE,AIA-501574,1,5
UAE,CSM-SC012,1,19
UAE,AIA-501732,1,0
UAE,AIA-501729,1,7
UAE,AIA-501734,1,0
UAE,AIA-501731,1,2
UAE,AIA-501728,1,0
UAE,AIA-501730,1,11
UAE,BNC-500014,1,17
UAE,BNC-500013,1,12
UAE,RZC-KIT02,1,0
UAE,RZC-11206,1,35
UAE,RAW-11203,1,0
UAE,THC-10010,1,0
UAE,CEI-CEIKIT,1,5
UAE,ECO-11057,1,10
UAE,CSM-KIT18,1,10
UAE,DEN-D3WHIT,1,0
UAE,CSM-SH011,1,0
UAE,BNC-500012,1,19
UAE,DEN-D90LPNK,1,6
UAE,DEN-D4WHIT,1,0
UAE,CEI-CE0046,1,40
UAE,CEI-CEI003,1,44
UAE,CEI-CEI002,1,33
UAE,CEI-CEI001,1,24
UAE,CEI-CEI004,1,10
UAE,INS-60509,1,0
UAE,INS-60904,1,0
UAE,INS-60503,1,16
UAE,INS-60510,1,0
UAE,INS-60511,1,0
UAE,INS-60512,1,1
UAE,BCL-1328,1,29
UAE,AIA-501680,1,13
UAE,AIA-501679,1,13
UAE,AIA-501678,1,0
UAE,AIA-501677,1,7
UAE,AIA-501681,1,11
UAE,AIA-501676,1,5
UAE,CSM-KIT16,1,51
UAE,CSM-SC009,1,0
UAE,CSM-SH010,1,0
UAE,CSM-SH009,1,5
UAE,CSM-SH008,1,0
UAE,CSM-SH007,1,6
UAE,CSM-SH006,1,0
UAE,CSM-ST012,1,12
UAE,CSM-ST009,1,48
UAE,CSM-MO015,1,0
UAE,SOC-11228,1,0
UAE,SOC-11229,1,0
UAE,SOC-11224,1,0
UAE,SOC-11223,1,0
UAE,SOC-11226,1,0
UAE,SOC-11221,1,0
UAE,SOC-11219,1,0
UAE,SOC-11218,1,0
UAE,HES-90026,1,1
UAE,SHE-11209,1,0
UAE,CAN-07621,1,0
UAE,CAN-07006,1,0
UAE,CAN-10001,1,0
UAE,CAN-07882,1,0
UAE,CAN-07565,1,0
UAE,CAN-00002,1,9
UAE,CAN-00001,1,1
UAE,CAN-07013,1,0
UAE,SHE-100021,1,0
UAE,SHE-100020,1,1
UAE,SHE-11213,1,24
UAE,SHE-11214,1,0
UAE,SHE-11208,1,0
UAE,SHE-100014,1,0
UAE,SHE-100013,1,0
UAE,FCL-FC013,1,0
UAE,BRE-100010,1,0
UAE,CKR-CK012,1,0
UAE,CSM-SH002,1,40
UAE,CSM-SH001,1,30
UAE,CSM-SH003,1,35
UAE,CSM-SH005,1,13
UAE,CSM-SH004,1,18
UAE,CSM-KIT11,1,1
UAE,BCL-2005,1,0
UAE,BCL-2002,1,0
UAE,HES-90023,1,0
UAE,TCN-11233,1,0
UAE,TLX-60015,1,2
UAE,TLX-60016,1,2
UAE,TLX-60011,1,3
UAE,TLX-60010,1,3
UAE,INS-60521,1,17
UAE,INS-60504,1,0
UAE,INS-60505,1,33
UAE,MNL-KIT001,1,0
UAE,MNL-KIT003,1,0
UAE,MNL-600004,1,0
UAE,MNL-600003,1,1
UAE,MNL-600002,1,0
UAE,MNL-600001,1,3
UAE,BRE-100012,1,4
UAE,TLX-60018,1,24
UAE,TLX-60019,1,24
UAE,TLX-60012,1,18
UAE,RZC-05130,1,1
UAE,RZC-05132,1,15
UAE,RZC-05131,1,26
UAE,BCL-0001,1,0
UAE,LUS-11161,1,0
UAE,LUS-11168,1,0
UAE,LUS-11159,1,0
UAE,LUS-11155,1,0
UAE,LUS-11152,1,0
UAE,LUS-11157,1,1
UAE,LUS-11163,1,0
UAE,LUS-11166,1,0
UAE,CFL-11010,1,2
UAE,CFL-11009,1,7
UAE,CFL-11011,1,6
UAE,CFL-11012,1,5
UAE,CFL-11014,1,0
UAE,DYSON-DIFFUSER,1,0
UAE,DEN-D90LBLK,1,0
UAE,CAN-500020,1,0
UAE,HOC-KIT03,1,0
UAE,BCL-1320,1,69
UAE,BCL-1257,1,52
UAE,CSM-ST007,1,36
UAE,THC-10028,1,0
UAE,INS-60508,1,6
UAE,INS-CSG-02-01-P,1,1
UAE,BCL-0006,1,0
UAE,BCL-2012,1,5
UAE,BCL-2011,1,0
UAE,BCL-2013,1,0
UAE,CSM-ASC01,1,6
UAE,RZC-KIT03,1,1
UAE,RZC-KIT05,1,0
UAE,RZC-GIFT1,1,0
UAE,BNC-000002,1,3
UAE,HES-11348,1,50
UAE,CLE-CEWDB,1,2
UAE,PCG-11198,1,0
UAE,KCL-KBND,1,0
UAE,CBB-KIT01,1,0
UAE,PCG-11193,1,0
UAE,PCG-11192,1,0
UAE,CLE-CEMINI,1,0
UAE,BCL-0012,1,4
UAE,CAN-500012,1,33
UAE,HES-11345,1,0
UAE,FCL-FC020,1,4
UAE,FCL-FC021,1,0
UAE,FCL-FC019,1,1
UAE,FCL-FC018,1,0
UAE,FCL-FC017,1,0
UAE,FCL-FC016,1,0
UAE,PCG-11196,1,0
UAE,PCG-11189,1,0
UAE,HES-90060,1,13
UAE,HES-11338,1,0
UAE,HES-11331,1,0
UAE,TPC-11245,1,0
UAE,CSM-ST006,1,70
UAE,CSM-ST005,1,44
UAE,CSM-ST004,1,50
UAE,TCN-11232,1,0
UAE,BCL-501001,1,0
UAE,BCL-501003,1,0
UAE,BCL-501661,1,0
UAE,BCL-501663,1,0
UAE,BCL-501662,1,17
UAE,BCL-501664,1,0
UAE,HES-11328,1,48
UAE,BNC-000005,1,2
UAE,BCL-0008,1,0
UAE,CKR-10001,1,0
UAE,CKR-10003,1,0
UAE,CKR-10005,1,0
UAE,CKR-10006,1,1
UAE,CKR-CK009,1,3
UAE,HES-11326,1,0
UAE,THC-10023,1,0
UAE,THC-10024,1,0
UAE,THC-10027,1,0
UAE,INS-60902,1,0
UAE,INS-60903,1,0
UAE,INS-60906,1,0
UAE,INS-60901,1,0
UAE,JES-11146,1,0
UAE,JES-11139,1,0
UAE,JES-11130,1,0
UAE,JES-11108,1,0
UAE,JES-11096,1,0
UAE,JES-11082,1,0
UAE,CSM-SC001,1,16
UAE,AIA-000002,1,0
UAE,UFD-11247,1,0
UAE,UFD-11246,1,0
UAE,UFD-11248,1,0
UAE,CSM-ASC02,1,6
UAE,FCL-KIT09,1,0
UAE,BCL-0005,1,3
UAE,CKR-10002,1,0
UAE,DEN-D5ORIG,1,0
UAE,DEN-D83PAD,1,8
UAE,DEN-D4ORIG,1,1
UAE,RZC-05103,1,0
UAE,RZC-05125,1,0
UAE,RZC-05104,1,0
UAE,CRT-11040,1,0
UAE,CCQ-11041,1,0
UAE,FCL-KIT01,1,0
UAE,TLX-60017,1,25
UAE,CSM-KIT12,1,0
UAE,CSM-ST003,1,103
UAE,CSM-ST002,1,83
UAE,CSM-ST001,1,72
UAE,CSM-CO002,1,36
UAE,CSM-CO001,1,22
UAE,CSM-KIT08,1,0
UAE,MIX-11186,1,0
UAE,MIX-11172,1,9
UAE,MIX-11174,1,5
UAE,MIX-11173,1,7
UAE,MIX-11180,1,0
UAE,MIX-11171,1,6
UAE,MIX-11183,1,1
UAE,MIX-11182,1,2
UAE,MIX-11184,1,0
UAE,MIX-11170,1,2
UAE,MIX-11181,1,0
UAE,MIX-11169,1,7
UAE,MIX-11185,1,22
UAE,MIX-11177,1,0
UAE,MIX-11179,1,11
UAE,MIX-11176,1,1
UAE,MIX-11175,1,0
UAE,MIX-11178,1,0
UAE,AIA-501607,1,0
UAE,AIA-501611,1,14
UAE,AIA-501608,1,15
UAE,AIA-501613,1,18
UAE,AIA-501606,1,0
UAE,AIA-501610,1,0
UAE,AIA-501612,1,0
UAE,AIA-501546,1,10
UAE,AIA-501029,1,2
UAE,AIA-501030,1,22
UAE,AIA-501028,1,19
UAE,AIA-501027,1,26
UAE,AIA-501026,1,18
UAE,FCL-KIT05,1,0
UAE,FCL-KIT03,1,0
UAE,FCL-KIT06,1,0
UAE,AIA-11505,1,4
UAE,AIA-000005,1,0
UAE,AIA-000003,1,0
UAE,AIA-000004,1,0
UAE,AIA-000001,1,0
UAE,AIA-501021,1,25
UAE,AIA-501010,1,22
UAE,BCL-1258,1,40
UAE,BNC-000004,1,2
UAE,BNC-000003,1,2
UAE,BNC-000001,1,6
UAE,BCL-1265,1,43
UAE,RZC-KIT01,1,0
UAE,HOC-KIT01,1,2
UAE,RZC-05120,1,5
UAE,LUS-11160,1,0
UAE,LUS-11158,1,0
UAE,LUS-11167,1,0
UAE,LUS-11153,1,0
UAE,LUS-11151,1,0
UAE,LUS-11156,1,0
UAE,LUS-11162,1,0
UAE,LUS-11165,1,0
UAE,AIA-501024,1,0
UAE,AIA-501011,1,15
UAE,CKR-CK013,1,4
UAE,CKR-CK011,1,21
UAE,CFL-11008,1,6
UAE,CFL-11016,1,0
UAE,CFL-11003,1,5
UAE,CFL-11004,1,7
UAE,CFL-11007,1,5
UAE,CFL-11001,1,9
UAE,CFL-11015,1,0
UAE,CFL-11005,1,1
UAE,CFL-11006,1,8
UAE,CFL-11002,1,9
UAE,HOC-11068,1,0
UAE,HOC-11069,1,12
UAE,HOC-11067,1,7
UAE,HOC-11066,1,9
UAE,HOC-11072,1,4
UAE,BCL-0002,1,8
UAE,BCL-0003,1,3
UAE,BCL-0007,1,0
UAE,RAW-11201,1,0
UAE,ECO-11053,1,0
UAE,ECO-11051,1,19
UAE,ECO-11056,1,0
UAE,JES-11121,1,0
UAE,JES-11116,1,0
UAE,JES-11087,1,0
UAE,FCL-TOWEL,1,0
UAE,UFD-11258,1,0
UAE,CAN-500011,1,11
UAE,BRE-100011,1,0
UAE,AIA-DI0001,1,10
UAE,TCN-11230,1,0
UAE,TCN-11231,1,0
UAE,CSM-KIT01,1,0
UAE,CSM-KIT05,1,0
UAE,CSM-KIT14,1,5
UAE,BNC-500011,1,7
UAE,BNC-500010,1,17
UAE,BNC-500009,1,5
UAE,AIA-501539,1,0
UAE,SHE-100012,1,0
UAE,SHE-100011,1,0
UAE,SHE-100010,1,0
UAE,UFD-11257,1,13
UAE,UFD-11254,1,0
UAE,UFD-11264,1,0
UAE,UFD-11251,1,10
UAE,UFD-11263,1,13
UAE,UFD-11260,1,8
UAE,UFD-11253,1,9
UAE,UFD-11255,1,10
UAE,UFD-11256,1,11
UAE,UFD-11249,1,0
UAE,UFD-11252,1,4
UAE,UFD-11250,1,13
UAE,UFD-11259,1,11
UAE,UFD-11261,1,11
UAE,CLE-CETOW,1,0
UAE,CPP-11030,1,0
UAE,ECO-11058,1,0
UAE,CSM-MO009,1,37
UAE,HES-11322,1,0
UAE,PCG-11190,1,0
UAE,PCG-11195,1,0
UAE,PCG-11188,1,0
UAE,PCG-11197,1,0
UAE,PCG-11191,1,0
UAE,PCG-11194,1,0
UAE,PCG-11187,1,0
UAE,HES-11521,1,0
UAE,ESS-11059,1,0
UAE,CBB-11028,1,0
UAE,CBB-11027,1,5
UAE,CKR-QDSGPL,1,15
UAE,BRE-100001,1,0
UAE,BRE-100008,1,0
UAE,BRE-100003,1,0
UAE,CSM-KIT03,1,0
UAE,CSM-KIT02,1,0
UAE,CSM-KIT06,1,5
UAE,CSM-KIT15,1,2
UAE,CSM-KIT10,1,0
UAE,CSM-SC005,1,16
UAE,CSM-KIT07,1,0
UAE,CSM-KIT09,1,12
UAE,CSM-CO007,1,32
UAE,CSM-CO006,1,115
UAE,CSM-CO004,1,92
UAE,CSM-CO003,1,65
UAE,CSM-CO005,1,80
UAE,CSM-SC004,1,27
UAE,CSM-SC008,1,43
UAE,CSM-SC003,1,34
UAE,CSM-SC002,1,14
UAE,CSM-SC007,1,28
UAE,CSM-SC006,1,6
UAE,CSM-MO007,1,35
UAE,CSM-MO006,1,31
UAE,TRO-APP8,1,0
UAE,CSM-MO005,1,22
UAE,CSM-MO004,1,66
UAE,CSM-MO003,1,28
UAE,CSM-MO002,1,31
UAE,CSM-MO016,1,39
UAE,CSM-MO001,1,32
UAE,ECO-11046,1,0
UAE,TGIN-11272,1,0
UAE,AIA-501547,1,9
UAE,AIA-501483,1,0
UAE,AJA-Ohsoclean,1,0
UAE,THC-10009,1,0
UAE,CKR-AGC,1,27
UAE,BEHAIRFUL,1,0
UAE,AIA-501002,1,18
UAE,AIA-501540,1,36
UAE,AIA-501541,1,0
UAE,AIA-501022,1,0
UAE,AIA-501401,1,24
UAE,AIA-501012,1,47
UAE,AIA-501014,1,11
UAE,AIA-501020,1,34
UAE,AIA-501018,1,17
UAE,TGIN-11269,1,0
UAE,AJA-Rescued,1,0
UAE,AJA-Jelly,1,0
UAE,AJA-Gel,1,0
UAE,AJA-Curl-Boss,1,0
UAE,AJA-Cleanser,1,0
UAE,AJA-Coco-Wash,1,0
UAE,AJK-OIL15,1,0
UAE,AJK-COND15,1,0
UAE,AJK-SHA12,1,0
UAE,CAN-07012,1,15
UAE,CAN-07014,1,0
UAE,CAN-07534,1,0
UAE,CAN-07005,1,14
UAE,CAN-07000,1,0
UAE,CAN-07570,1,0
UAE,CAN-07532,1,8
UAE,CAN-07531,1,6
UAE,CCH-110001,1,0
UAE,CCH-110002,1,0
UAE,CCH-110011,1,0
UAE,CAN-500015,1,0
UAE,CAN-500019,1,1
UAE,CKR-STL,1,17
UAE,CKR-CK001S,1,0
UAE,CLE-CE0006,1,18
UAE,THC-10030,1,0
UAE,BRE-100009,1,1
UAE,BRE-100007,1,2
UAE,BRE-100006,1,8
UAE,BRE-100005,1,1
UAE,BRE-100004,1,3
UAE,BRE-100002,1,7
UAE,BCL-1006,1,34
UAE,BCL-1101,1,10
UAE,HES-11312,1,0
UAE,TRONAT-COILSEAL,1,0
UAE,TRONAT-CURSEAL,1,0
UAE,TRONAT-COND,1,0
UAE,HES-11310,1,0
UAE,HES-11307,1,5
UAE,HES-90010,1,7
UAE,CAN-07003,1,0
UAE,CAN-07004,1,15
UAE,HES-90046,1,0
UAE,SHE-11212,1,0
UAE,SHE-11210,1,50
UAE,SHE-100009,1,0
UAE,SHE-11211,1,0
UAE,SHE-100008,1,0
UAE,SHE-100007,1,0
UAE,SHE-100006,1,44
UAE,TGIN-11274,1,0
UAE,TGIN-11273,1,0
UAE,HES-90053,1,28
UAE,HES-11305,1,6
UAE,HES-90014,1,11
UAE,SHE-100005,1,71
UAE,SHE-100004,1,0
UAE,SHE-11207,1,0
UAE,SHE-100003,1,0
UAE,SHE-100002,1,2
UAE,HES-11298,1,0
UAE,HES-11291,1,0
UAE,HES-11289,1,0
UAE,HES-11284,1,36
UAE,HES-11282,1,0
UAE,TGIN-11266,1,0
UAE,TGIN-11270,1,0
UAE,TGIN-11271,1,0
UAE,TGIN-11267,1,0
UAE,TGIN-11265,1,0
UAE,TGIN-11275,1,0
UAE,TGIN-11268,1,0
UAE,HES-90018,1,6
UAE,ECO-11049,1,0
UAE,ECO-11050,1,0
UAE,ECO-11047,1,0
UAE,ECO-11048,1,0
UAE,ECO-11045,1,0
UAE,ECO-11052,1,0
UAE,ECO-11054,1,0
UAE,ECO-11055,1,5
UAE,THC-10008,1,0
UAE,THC-10021,1,0
UAE,THC-10007,1,10
UAE,CBB-11023,1,0
UAE,CRT-11039,1,6
UAE,CRT-11042,1,1
UAE,CRT-11038,1,0
UAE,CRT-11041,1,7
UAE,CRT-11036,1,0
UAE,CRT-11037,1,11
UAE,CCH-110012,1,0
UAE,TRONAT-SCALP,1,0
UAE,TPGLHHT,1,0
UAE,TPGLHHW,1,0
UAE,HES-90051,1,0
UAE,SHE-100019,1,0
UAE,SHE-11216,1,6
UAE,SHE-100018,1,0
UAE,CKR-BBCB,1,6
UAE,OLA-N3,1,0
UAE,DEN-D3ORIG,1,0
UAE,CURPRO-CRE8,1,0
UAE,CURPRO-DC14,1,0
UAE,CURPRO-CLAR8,1,0
UAE,BCL-1005,1,62
UAE,BCL-1068,1,23
UAE,BCL-1130,1,18
UAE,BCL-1063,1,89
UAE,BCL-1008,1,32
UAE,BCL-2010,1,26
UAE,BCL-1384,1,37
UAE,BCL-1157,1,89
UAE,BCL-1131,1,118
UAE,CBB-11078,1,3
UAE,CBB-11075,1,12
UAE,CBB-11076,1,1
UAE,CBB-11077,1,0
UAE,THC-10029,1,0
UAE,THC-10013,1,0
UAE,THC-10012,1,0
UAE,THC-10011,1,0
UAE,FCL-KIT02,1,0
UAE,MYS-CRE,1,0
UAE,THC-10006,1,0
UAE,THC-10005,1,0
UAE,THC-10004,1,0
UAE,CBB-11022,1,6
UAE,CKR-CK007,1,0
UAE,CKR-POPD,1,75
UAE,CCQ-11038,1,0
UAE,REZ-DIF,1,0
UAE,REZ-TWL,1,0
UAE,BNC-500008,1,39
UAE,BNC-500007,1,34
UAE,BNC-500006,1,22
UAE,FCL-FC006,1,0
UAE,CKR-CK005,1,6
UAE,CKR-CK005S,1,7
UAE,CCQ-11039,1,1
UAE,CCQ-11042,1,5
UAE,CCQ-11043,1,0
UAE,CCQ-11037,1,0
UAE,CCQ-11036,1,5
UAE,CPP-11033,1,23
UAE,CPP-11032,1,0
UAE,CPP-11035,1,0
UAE,CPP-11034,1,12
UAE,CPP-11031,1,0
UAE,CBB-11021,1,2
UAE,CBB-11029,1,6
UAE,CBB-11020,1,1
UAE,CBB-11019,1,0
UAE,CBB-11018,1,1
UAE,CBB-11026,1,0
UAE,CBB-11017,1,23
UAE,CBB-11024,1,0
UAE,CBB-11025,1,0
UAE,RZC-32031,1,27
UAE,RZC-32030,1,7
UAE,RZC-32032,1,22
UAE,RZC-32033,1,67
UAE,KCL-K-KTS,1,22
UAE,CCH-110007,1,8
UAE,CCH-110008,1,9
UAE,CCH-110009,1,0
UAE,CCH-110005,1,0
UAE,CCH-110003,1,0
UAE,THC-10003,1,0
UAE,THC-10002,1,0
UAE,THC-10001,1,0
UAE,CKR-RJC,1,14
UAE,ZAZ-11276,1,0
UAE,BNC-500005,1,28
UAE,FCL-FC014,1,0
UAE,FCL-FC002,1,2
UAE,FCL-FC012,1,0
UAE,FCL-FC011,1,0
UAE,FC-HHM8,1,7
UAE,FCL-FC005,1,0
UAE,FCL-FC009,1,0
UAE,FCL-FC010,1,0
UAE,KCL-K-CC8,1,35
UAE,KCL-K-MM8,1,0
UAE,KCL-K-SC12,1,38
UAE,CKR-CK002,1,9
UAE,CKR-CK014,1,12
UAE,BNC-500004,1,63
UAE,BNC-500003,1,25
UAE,BNC-500002,1,25
UAE,RAW-11204,1,6
UAE,RAW-11205,1,0
UAE,RAW-11199,1,2
UAE,CKR-CK003,1,4
UAE,CKR-X-H2O,1,0
UAE,CKR-CK008S,1,12
UAE,CKR-CK010,1,11
UAE,CKR-CK006,1,10
UAE,KCL-K-KB,1,49
UAE,TPC-11239,1,12
UAE,TPC-11242,1,6
UAE,CLE-CE0003,1,42
UAE,JES-11142,1,22
UAE,JES-11120,1,23
UAE,JES-11098,1,22
UAE,INS-60516,1,11
UAE,INS-60520,1,0
UAE,CLE-CE0005,1,32
UAE,CLE-CE0004,1,64
UAE,CLE-CE0002,1,30
UAE,CKR-CK004S,1,11
UAE,BNC-500001,1,38
UAE,CAN-500018,1,0
UAE,CAN-500014,1,0
UAE,CAN-500017,1,0
UAE,TPC-11243,1,18
UAE,TPC-11241,1,20
UAE,JES-11124,1,0
UAE,JES-11119,1,0
UAE,JES-11089,1,0
UAE,JES-11133,1,42
UAE,JES-11125,1,67
UAE,JES-11090,1,44
UAE,JES-11084,1,41
UAE,JES-11143,1,42
UAE,JES-11093,1,35
UAE,JES-11079,1,39
UAE,JES-11111,1,40
UAE,JES-11103,1,25
UAE,INS-60517,1,0
UAE,INS-60519,1,1
UAE,INS-60518,1,0
UAE,INS-60501,1,1
UAE,INS-11551,1,7
UAE,RR-RXOIL,1,31
UAE,Kuwait National Day,0,0
UAE,Saudi Founding Day,0,0
UAE,Endless love set by Asia,0,0
UAE,THE JEWEL BY ASCIA,0,0
UAE,Makeup Tutorial with Ascia,0,0
UAE,ewcewcewcew,1,100
UAE,sampletest123,1,85
UAE,Giftcard,1,1000
kuwait,sampletest123,1,0
kuwait,INS-11547,1,22
kuwait,INS-11549,1,1
kuwait,INS-11548,1,0
kuwait,INS-11546,1,0
kuwait,INS-11550,1,0
kuwait,BCL-0013,1,0
kuwait,FCL-FC030,1,2
kuwait,FCL-FC029,1,0
kuwait,FCL-FC028,1,0
kuwait,BCL-11545,1,0
kuwait,BCL-11544,1,0
kuwait,BCL-11543,1,46
kuwait,HES-11541,1,36
kuwait,HES-11537,1,133
kuwait,CLE-11523,1,0
kuwait,DEN-11515,1,0
kuwait,CKR-11286,1,381
kuwait,BCL-1157L,1,11
kuwait,BCL-1063L,1,9
kuwait,BCL-1005L,1,8
kuwait,BCL-1008L,1,11
kuwait,BCL-2010L,1,11
kuwait,BCL-1380L,1,5
kuwait,BCL-1384L,1,5
kuwait,CLE-CE0045,1,0
kuwait,AIA-501575,1,18
kuwait,AIA-501577,1,0
kuwait,AIA-501576,1,5
kuwait,AIA-501573,1,0
kuwait,AIA-501572,1,0
kuwait,AIA-501574,1,0
kuwait,CSM-SC012,1,12
kuwait,AIA-501732,1,0
kuwait,AIA-501729,1,0
kuwait,AIA-501734,1,0
kuwait,AIA-501731,1,0
kuwait,AIA-501728,1,0
kuwait,AIA-501730,1,0
kuwait,BNC-500014,1,0
kuwait,BNC-500013,1,0
kuwait,RZC-KIT02,1,0
kuwait,RZC-11206,1,0
kuwait,RAW-11203,1,0
kuwait,THC-10010,1,0
kuwait,CEI-CEIKIT,1,4
kuwait,ECO-11057,1,0
kuwait,CSM-KIT18,1,0
kuwait,DEN-D3WHIT,1,0
kuwait,CSM-SH011,1,5
kuwait,BNC-500012,1,0
kuwait,DEN-D90LPNK,1,33
kuwait,DEN-D4WHIT,1,15
kuwait,CEI-CE0046,1,189
kuwait,CEI-CEI003,1,225
kuwait,CEI-CEI002,1,252
kuwait,CEI-CEI001,1,218
kuwait,CEI-CEI004,1,40
kuwait,INS-60509,1,0
kuwait,INS-60904,1,0
kuwait,INS-60503,1,0
kuwait,INS-60510,1,0
kuwait,INS-60511,1,2
kuwait,INS-60512,1,0
kuwait,BCL-1328,1,124
kuwait,AIA-501680,1,0
kuwait,AIA-501679,1,0
kuwait,AIA-501678,1,0
kuwait,AIA-501677,1,0
kuwait,AIA-501681,1,6
kuwait,AIA-501676,1,0
kuwait,CSM-KIT16,1,0
kuwait,CSM-SC009,1,0
kuwait,CSM-SH010,1,0
kuwait,CSM-SH009,1,43
kuwait,CSM-SH008,1,0
kuwait,CSM-SH007,1,0
kuwait,CSM-SH006,1,0
kuwait,CSM-ST012,1,0
kuwait,CSM-ST009,1,0
kuwait,CSM-MO015,1,0
kuwait,SOC-11228,1,0
kuwait,SOC-11229,1,0
kuwait,SOC-11224,1,0
kuwait,SOC-11223,1,0
kuwait,SOC-11226,1,0
kuwait,SOC-11221,1,0
kuwait,SOC-11219,1,0
kuwait,SOC-11218,1,0
kuwait,HES-90026,1,5
kuwait,SHE-11209,1,0
kuwait,CAN-07621,1,272
kuwait,CAN-07006,1,16
kuwait,CAN-07882,1,0
kuwait,CAN-07565,1,224
kuwait,CAN-00002,1,9
kuwait,CAN-00001,1,5
kuwait,CAN-07013,1,4
kuwait,SHE-100021,1,0
kuwait,SHE-100020,1,0
kuwait,SHE-11213,1,0
kuwait,SHE-11214,1,41
kuwait,SHE-11208,1,0
kuwait,SHE-100014,1,26
kuwait,SHE-100013,1,0
kuwait,FCL-FC013,1,0
kuwait,BRE-100010,1,0
kuwait,CKR-CK012,1,53
kuwait,CSM-SH002,1,0
kuwait,CSM-SH001,1,0
kuwait,CSM-SH003,1,0
kuwait,CSM-SH005,1,0
kuwait,CSM-SH004,1,41
kuwait,CSM-KIT11,1,0
kuwait,BCL-2005,1,1
kuwait,BCL-2002,1,62
kuwait,HES-90023,1,0
kuwait,TLX-60015,1,0
kuwait,TLX-60016,1,2
kuwait,TLX-60011,1,0
kuwait,TLX-60010,1,0
kuwait,INS-60521,1,33
kuwait,INS-60504,1,0
kuwait,INS-60505,1,6
kuwait,MNL-KIT001,1,0
kuwait,MNL-KIT003,1,0
kuwait,MNL-600004,1,0
kuwait,MNL-600003,1,47
kuwait,MNL-600002,1,0
kuwait,MNL-600001,1,44
kuwait,BRE-100012,1,10
kuwait,TLX-60018,1,89
kuwait,TLX-60019,1,64
kuwait,TLX-60012,1,180
kuwait,RZC-05130,1,0
kuwait,RZC-05132,1,0
kuwait,RZC-05131,1,0
kuwait,BCL-0001,1,0
kuwait,LUS-11161,1,0
kuwait,LUS-11168,1,1
kuwait,LUS-11159,1,0
kuwait,LUS-11155,1,0
kuwait,LUS-11152,1,362
kuwait,LUS-11157,1,30
kuwait,LUS-11163,1,14
kuwait,LUS-11166,1,1
kuwait,CFL-11010,1,0
kuwait,CFL-11009,1,8
kuwait,CFL-11011,1,10
kuwait,CFL-11012,1,12
kuwait,CFL-11014,1,0
kuwait,DYSON-DIFFUSER,1,5
kuwait,DEN-D90LBLK,1,0
kuwait,CAN-500020,1,0
kuwait,HOC-KIT03,1,0
kuwait,BCL-1320,1,135
kuwait,BCL-1257,1,97
kuwait,CSM-ST007,1,0
kuwait,THC-10028,1,0
kuwait,INS-60508,1,0
kuwait,INS-CSG-02-01-P,1,9
kuwait,BCL-0006,1,0
kuwait,BCL-2012,1,9
kuwait,BCL-2011,1,32
kuwait,BCL-2013,1,2
kuwait,CSM-ASC01,1,0
kuwait,RZC-KIT03,1,0
kuwait,RZC-KIT05,1,3
kuwait,BNC-000002,1,0
kuwait,HES-11348,1,50
kuwait,CLE-CEWDB,1,3
kuwait,PCG-11198,1,0
kuwait,KCL-KBND,1,0
kuwait,CBB-KIT01,1,0
kuwait,PCG-11193,1,0
kuwait,PCG-11192,1,0
kuwait,CLE-CEMINI,1,0
kuwait,BCL-0012,1,2
kuwait,CAN-500012,1,47
kuwait,HES-11345,1,0
kuwait,FCL-FC020,1,6
kuwait,FCL-FC021,1,0
kuwait,FCL-FC019,1,0
kuwait,FCL-FC018,1,0
kuwait,FCL-FC017,1,0
kuwait,FCL-FC016,1,0
kuwait,PCG-11196,1,0
kuwait,PCG-11189,1,0
kuwait,HES-90060,1,8
kuwait,HES-11338,1,0
kuwait,HES-11331,1,0
kuwait,TPC-11245,1,0
kuwait,CSM-ST006,1,0
kuwait,CSM-ST005,1,0
kuwait,CSM-ST004,1,0
kuwait,TCN-11232,1,0
kuwait,BCL-501001,1,0
kuwait,BCL-501003,1,0
kuwait,BCL-501661,1,0
kuwait,BCL-501663,1,0
kuwait,BCL-501662,1,0
kuwait,BCL-501664,1,0
kuwait,HES-11328,1,30
kuwait,BNC-000005,1,0
kuwait,BCL-0008,1,0
kuwait,CKR-10001,1,0
kuwait,CKR-10003,1,0
kuwait,CKR-10005,1,0
kuwait,CKR-10006,1,0
kuwait,CKR-CK009,1,11
kuwait,HES-11307,1,92
kuwait,THC-10023,1,0
kuwait,THC-10024,1,0
kuwait,THC-10027,1,0
kuwait,INS-60902,1,0
kuwait,INS-60903,1,0
kuwait,INS-60906,1,0
kuwait,INS-60901,1,0
kuwait,JES-11146,1,0
kuwait,AIA-501611,1,1
kuwait,AIA-501608,1,0
kuwait,AIA-501613,1,0
kuwait,AIA-501606,1,0
kuwait,AIA-501610,1,0
kuwait,AIA-501546,1,0
kuwait,AIA-501029,1,0
kuwait,AIA-501030,1,0
kuwait,AIA-501028,1,0
kuwait,AIA-501027,1,0
kuwait,AIA-501026,1,0
kuwait,FCL-KIT05,1,0
kuwait,FCL-KIT03,1,0
kuwait,FCL-KIT06,1,0
kuwait,AIA-11505,1,0
kuwait,AIA-000005,1,0
kuwait,AIA-000003,1,0
kuwait,AIA-000004,1,0
kuwait,AIA-000001,1,0
kuwait,AIA-501021,1,0
kuwait,AIA-501010,1,0
kuwait,BCL-1258,1,77
kuwait,BNC-000004,1,0
kuwait,BNC-000003,1,0
kuwait,BNC-000001,1,0
kuwait,BCL-1265,1,168
kuwait,RZC-KIT01,1,0
kuwait,HOC-KIT01,1,0
kuwait,RZC-05120,1,35
kuwait,LUS-11160,1,0
kuwait,LUS-11158,1,0
kuwait,LUS-11167,1,0
kuwait,LUS-11153,1,0
kuwait,LUS-11151,1,0
kuwait,LUS-11156,1,0
kuwait,LUS-11162,1,39
kuwait,LUS-11165,1,0
kuwait,AIA-501024,1,0
kuwait,AIA-501011,1,0
kuwait,CKR-CK013,1,0
kuwait,CKR-CK011,1,27
kuwait,CFL-11008,1,0
kuwait,CFL-11016,1,0
kuwait,CFL-11003,1,7
kuwait,CFL-11004,1,0
kuwait,CFL-11007,1,13
kuwait,CFL-11001,1,0
kuwait,CFL-11015,1,0
kuwait,CFL-11005,1,0
kuwait,CFL-11006,1,0
kuwait,CFL-11002,1,5
kuwait,HOC-11068,1,0
kuwait,HOC-11069,1,6
kuwait,HOC-11067,1,0
kuwait,HOC-11066,1,0
kuwait,HOC-11072,1,0
kuwait,BCL-0002,1,0
kuwait,BCL-0003,1,0
kuwait,BCL-0007,1,3
kuwait,RAW-11201,1,10
kuwait,ECO-11053,1,0
kuwait,ECO-11051,1,0
kuwait,ECO-11056,1,0
kuwait,JES-11121,1,0
kuwait,JES-11116,1,0
kuwait,JES-11087,1,0
kuwait,UFD-11258,1,0
kuwait,CAN-500011,1,80
kuwait,BRE-100011,1,0
kuwait,AIA-DI0001,1,0
kuwait,TCN-11230,1,0
kuwait,TCN-11231,1,0
kuwait,CSM-KIT01,1,0
kuwait,CSM-KIT05,1,0
kuwait,CSM-KIT14,1,0
kuwait,BNC-500011,1,0
kuwait,BNC-500010,1,0
kuwait,BNC-500009,1,0
kuwait,AIA-501539,1,0
kuwait,SHE-100012,1,22
kuwait,SHE-100011,1,0
kuwait,SHE-100010,1,31
kuwait,UFD-11257,1,0
kuwait,UFD-11254,1,0
kuwait,UFD-11264,1,0
kuwait,UFD-11251,1,0
kuwait,UFD-11263,1,0
kuwait,UFD-11260,1,0
kuwait,UFD-11253,1,0
kuwait,UFD-11255,1,0
kuwait,UFD-11256,1,0
kuwait,UFD-11249,1,0
kuwait,UFD-11252,1,0
kuwait,UFD-11250,1,0
kuwait,UFD-11259,1,0
kuwait,UFD-11261,1,0
kuwait,CLE-CETOW,1,0
kuwait,CPP-11030,1,0
kuwait,ECO-11058,1,0
kuwait,CSM-MO009,1,0
kuwait,HES-11322,1,0
kuwait,PCG-11195,1,0
kuwait,PCG-11188,1,0
kuwait,PCG-11197,1,0
kuwait,PCG-11191,1,0
kuwait,PCG-11194,1,0
kuwait,PCG-11187,1,0
kuwait,HES-11521,1,0
kuwait,ESS-11059,1,0
kuwait,CBB-11028,1,0
kuwait,CBB-11027,1,0
kuwait,CKR-QDSGPL,1,64
kuwait,BRE-100001,1,14
kuwait,BRE-100008,1,0
kuwait,BRE-100003,1,0
kuwait,CSM-KIT03,1,0
kuwait,CSM-KIT02,1,0
kuwait,CSM-KIT06,1,0
kuwait,CSM-KIT15,1,0
kuwait,CSM-KIT10,1,0
kuwait,CSM-SC005,1,1
kuwait,CSM-KIT07,1,0
kuwait,CSM-KIT09,1,0
kuwait,CSM-CO007,1,0
kuwait,CSM-CO006,1,0
kuwait,CSM-CO004,1,0
kuwait,CSM-CO003,1,0
kuwait,CSM-CO005,1,0
kuwait,CSM-SC004,1,0
kuwait,CSM-SC008,1,0
kuwait,CSM-SC003,1,0
kuwait,CSM-SC002,1,14
kuwait,CSM-SC007,1,0
kuwait,CSM-SC006,1,55
kuwait,CSM-MO007,1,0
kuwait,CSM-MO006,1,6
kuwait,CSM-MO005,1,0
kuwait,CSM-MO004,1,3
kuwait,CSM-MO003,1,0
kuwait,CSM-MO002,1,0
kuwait,CSM-MO016,1,0
kuwait,CSM-MO001,1,0
kuwait,ECO-11046,1,0
kuwait,TGIN-11272,1,0
kuwait,AIA-501547,1,0
kuwait,AIA-501483,1,0
kuwait,THC-10009,1,0
kuwait,CKR-AGC,1,84
kuwait,AIA-501002,1,0
kuwait,AIA-501540,1,0
kuwait,AIA-501541,1,0
kuwait,AIA-501022,1,0
kuwait,AIA-501401,1,17
kuwait,AIA-501012,1,9
kuwait,AIA-501014,1,0
kuwait,AIA-501020,1,0
kuwait,AIA-501018,1,0
kuwait,TGIN-11269,1,0
kuwait,CAN-07012,1,9
kuwait,CAN-07014,1,6
kuwait,CAN-07534,1,8
kuwait,CAN-07005,1,63
kuwait,CAN-07000,1,5
kuwait,CAN-07570,1,0
kuwait,CAN-07532,1,16
kuwait,CAN-07531,1,16
kuwait,CCH-110001,1,0
kuwait,CCH-110002,1,0
kuwait,CCH-110011,1,0
kuwait,CAN-500015,1,0
kuwait,CAN-500019,1,27
kuwait,CKR-STL,1,95
kuwait,CKR-CK001S,1,21
kuwait,CLE-CE0006,1,114
kuwait,THC-10030,1,0
kuwait,BRE-100009,1,0
kuwait,BRE-100007,1,0
kuwait,BRE-100006,1,0
kuwait,BRE-100005,1,9
kuwait,BRE-100004,1,0
kuwait,BRE-100002,1,0
kuwait,BCL-1006,1,0
kuwait,BCL-1101,1,30
kuwait,HES-11312,1,0
kuwait,HES-11310,1,0
kuwait,HES-11305,1,0
kuwait,HES-90010,1,101
kuwait,CAN-07003,1,3
kuwait,CAN-07004,1,29
kuwait,HES-90046,1,0
kuwait,SHE-11212,1,0
kuwait,SHE-11210,1,0
kuwait,SHE-100009,1,24
kuwait,SHE-11211,1,0
kuwait,SHE-100008,1,0
kuwait,SHE-100007,1,0
kuwait,SHE-100006,1,18
kuwait,TGIN-11274,1,0
kuwait,TGIN-11273,1,0
kuwait,HES-90053,1,119
kuwait,HES-90018,1,84
kuwait,HES-90014,1,234
kuwait,SHE-100005,1,0
kuwait,SHE-100004,1,117
kuwait,SHE-11207,1,0
kuwait,SHE-100003,1,0
kuwait,SHE-100002,1,8
kuwait,SHE-100001,1,0
kuwait,HES-11298,1,0
kuwait,HES-11291,1,3
kuwait,HES-11289,1,0
kuwait,HES-11284,1,0
kuwait,HES-11282,1,0
kuwait,TGIN-11266,1,0
kuwait,TGIN-11270,1,0
kuwait,TGIN-11271,1,0
kuwait,TGIN-11267,1,0
kuwait,TGIN-11265,1,0
kuwait,TGIN-11275,1,0
kuwait,TGIN-11268,1,0
kuwait,HES-11326,1,0
kuwait,ECO-11049,1,0
kuwait,ECO-11050,1,0
kuwait,ECO-11047,1,0
kuwait,ECO-11048,1,0
kuwait,ECO-11045,1,0
kuwait,ECO-11054,1,0
kuwait,ECO-11055,1,2
kuwait,THC-10008,1,0
kuwait,THC-10021,1,0
kuwait,THC-10007,1,31
kuwait,CBB-11023,1,0
kuwait,CRT-11039,1,0
kuwait,CRT-11042,1,0
kuwait,CRT-11038,1,0
UAE,SHE-100001,1,0
kuwait,CRT-11041,1,7
kuwait,CRT-11036,1,0
kuwait,CRT-11037,1,0
kuwait,CCH-110012,1,0
kuwait,HES-90051,1,0
kuwait,SHE-100019,1,0
kuwait,SHE-11216,1,153
kuwait,SHE-100018,1,0
kuwait,CKR-BBCB,1,9
kuwait,OLA-N3,1,0
kuwait,DEN-D3ORIG,1,0
kuwait,BCL-1005,1,119
kuwait,BCL-1068,1,18
kuwait,BCL-1130,1,71
kuwait,BCL-1063,1,163
kuwait,BCL-1008,1,141
kuwait,BCL-2010,1,118
kuwait,BCL-1384,1,310
kuwait,BCL-1157,1,0
kuwait,BCL-1131,1,126
kuwait,CBB-11078,1,0
kuwait,CBB-11075,1,2
kuwait,CBB-11076,1,0
kuwait,CBB-11077,1,0
kuwait,THC-10029,1,0
kuwait,THC-10013,1,2
kuwait,THC-10012,1,1
kuwait,THC-10011,1,0
kuwait,FCL-KIT02,1,0
kuwait,THC-10006,1,0
kuwait,THC-10005,1,8
kuwait,THC-10004,1,10
kuwait,CBB-11022,1,0
kuwait,CKR-CK007,1,0
kuwait,CKR-POPD,1,71
kuwait,CCQ-11038,1,0
kuwait,REZ-DIF,1,0
kuwait,REZ-TWL,1,0
kuwait,BNC-500008,1,0
kuwait,BNC-500007,1,0
kuwait,BNC-500006,1,0
kuwait,FCL-FC006,1,0
kuwait,CKR-CK005,1,16
kuwait,CCQ-11039,1,1
kuwait,CCQ-11042,1,0
kuwait,CCQ-11043,1,0
kuwait,CCQ-11037,1,0
kuwait,CCQ-11036,1,0
kuwait,CPP-11033,1,9
kuwait,CPP-11032,1,0
kuwait,CPP-11035,1,0
kuwait,CPP-11034,1,0
kuwait,CPP-11031,1,0
kuwait,CBB-11021,1,0
kuwait,CBB-11029,1,0
kuwait,CBB-11020,1,0
kuwait,CBB-11019,1,0
kuwait,CBB-11018,1,0
kuwait,kwproduct,1,10
kuwait,JES-11139,1,6
kuwait,JES-11130,1,10
kuwait,JES-11108,1,2
kuwait,JES-11096,1,2
kuwait,JES-11082,1,0
kuwait,CSM-SC001,1,0
kuwait,AIA-000002,1,0
kuwait,UFD-11247,1,0
kuwait,UFD-11246,1,0
kuwait,UFD-11248,1,0
kuwait,CSM-ASC02,1,0
kuwait,FCL-KIT09,1,0
kuwait,BCL-0005,1,0
kuwait,CKR-10002,1,0
kuwait,DEN-D5ORIG,1,0
kuwait,DEN-D83PAD,1,39
kuwait,DEN-D4ORIG,1,120
kuwait,RZC-05103,1,0
kuwait,RZC-05125,1,0
kuwait,RZC-05104,1,0
kuwait,CRT-11040,1,0
kuwait,CCQ-11041,1,0
kuwait,FCL-KIT01,1,0
kuwait,TLX-60017,1,17
kuwait,CSM-KIT12,1,0
kuwait,CSM-ST003,1,0
kuwait,CSM-ST002,1,0
kuwait,CSM-ST001,1,0
kuwait,CSM-CO002,1,0
kuwait,CSM-CO001,1,0
kuwait,CSM-KIT08,1,0
kuwait,MIX-11172,1,0
kuwait,MIX-11174,1,0
kuwait,MIX-11173,1,0
kuwait,MIX-11180,1,0
kuwait,MIX-11171,1,0
kuwait,MIX-11183,1,0
kuwait,MIX-11182,1,0
kuwait,MIX-11184,1,0
kuwait,MIX-11170,1,14
kuwait,MIX-11181,1,0
kuwait,MIX-11169,1,0
kuwait,MIX-11185,1,0
kuwait,MIX-11177,1,0
kuwait,MIX-11179,1,27
kuwait,MIX-11176,1,0
kuwait,MIX-11175,1,0
kuwait,MIX-11178,1,0
kuwait,AIA-501607,1,1
kuwait,CBB-11026,1,0
kuwait,CBB-11017,1,0
kuwait,CBB-11024,1,0
kuwait,CBB-11025,1,0
kuwait,RZC-32031,1,157
kuwait,RZC-32030,1,0
kuwait,RZC-32032,1,190
kuwait,RZC-32033,1,0
kuwait,KCL-K-KTS,1,262
kuwait,CCH-110007,1,0
kuwait,CCH-110008,1,0
kuwait,CCH-110009,1,0
kuwait,CCH-110005,1,0
kuwait,CCH-110003,1,0
kuwait,THC-10003,1,8
kuwait,THC-10002,1,2
kuwait,THC-10001,1,3
kuwait,CKR-RJC,1,239
kuwait,ZAZ-11276,1,0
kuwait,BNC-500005,1,3
kuwait,FCL-FC014,1,0
kuwait,FCL-FC002,1,0
kuwait,FCL-FC012,1,0
kuwait,FCL-FC011,1,1
kuwait,FC-HHM8,1,39
kuwait,FCL-FC005,1,0
kuwait,FCL-FC009,1,0
kuwait,FCL-FC010,1,0
kuwait,KCL-K-CC8,1,217
kuwait,KCL-K-MM8,1,0
kuwait,KCL-K-SC12,1,156
kuwait,CKR-CK002,1,61
kuwait,CKR-CK014,1,7
kuwait,BNC-500004,1,0
kuwait,BNC-500003,1,0
kuwait,BNC-500002,1,0
kuwait,RAW-11204,1,44
kuwait,RAW-11205,1,0
kuwait,RAW-11199,1,102
kuwait,CKR-CK003,1,86
kuwait,CKR-X-H2O,1,0
kuwait,CKR-CK008S,1,0
kuwait,CKR-CK010,1,8
kuwait,CKR-CK006,1,23
kuwait,KCL-K-KB,1,70
kuwait,TPC-11239,1,36
kuwait,TPC-11242,1,0
kuwait,CLE-CE0003,1,391
kuwait,JES-11142,1,80
kuwait,JES-11120,1,57
kuwait,JES-11098,1,99
kuwait,INS-60516,1,9
kuwait,INS-60520,1,3
kuwait,CLE-CE0005,1,23
kuwait,CLE-CE0004,1,79
kuwait,CLE-CE0002,1,153
kuwait,CLE-CE0001,1,183
kuwait,CKR-CK004S,1,4
kuwait,BNC-500001,1,0
kuwait,CAN-500018,1,10
kuwait,CAN-500014,1,0
kuwait,CAN-500017,1,0
kuwait,TPC-11243,1,1
kuwait,TPC-11241,1,0
kuwait,JES-11124,1,0
kuwait,JES-11119,1,0
kuwait,JES-11089,1,0
kuwait,JES-11133,1,143
kuwait,JES-11125,1,95
kuwait,JES-11090,1,48
kuwait,JES-11084,1,115
kuwait,JES-11143,1,65
kuwait,JES-11093,1,150
kuwait,JES-11079,1,188
kuwait,JES-11111,1,80
kuwait,JES-11103,1,201
kuwait,INS-60517,1,10
kuwait,INS-60519,1,0
kuwait,INS-60518,1,0
kuwait,INS-60501,1,4
kuwait,INS-11551,1,0
kuwait,RR-RXOIL,1,0
kuwait,Sample product,1,10
UAE,Sample product,1,10
kuwait,INS-60502,1,0
kuwait,fdvdfvdfvfdvd-White,1,10
UAE,fdvdfvdfvfdvd-White,1,10
kuwait,fdvdfvdfvfdvd-Black,1,8
UAE,fdvdfvdfvfdvd-Black,1,10
kuwait,CKR-FLXG-Purple,1,20
UAE,CKR-FLXG-Purple,1,10
kuwait,CKR-FLXG-Green,1,20
UAE,CKR-FLXG-Green,1,10
kuwait,CKR-FLXG-RED,1,20
UAE,CKR-FLXG-RED,1,10
kuwait,CKR-CK001-8 oz,1,5
UAE,CKR-CK001-8 oz,1,5
kuwait,CKR-CK002-1,1,50
UAE,CKR-CK002-1,1,50
kuwait,CKR-CK002S,1,10
UAE,CKR-CK002S,1,41
kuwait,CKR-CK003-1,1,50
UAE,CKR-CK003-1,1,50
kuwait,CKR-CK003S,1,6
UAE,CKR-CK003S,1,6
kuwait,CKR-CK004S-1,1,50
UAE,CKR-CK004S-1,1,50
kuwait,CKR-CK004,1,0
UAE,CKR-CK004,1,0
kuwait,CKR-CK008S-1,1,50
UAE,CKR-CK008S-1,1,50
kuwait,CKR-CK008,1,32
UAE,CKR-CK008,1,5
kuwait,CKR-CK014-1,1,50
UAE,CKR-CK014-1,1,50
kuwait,CKR-CK014S,1,4
UAE,CKR-CK014S,1,0
kuwait,CKR-BBCB-1,1,50
UAE,CKR-BBCB-1,1,50
kuwait,CKR-BBCW,1,17
UAE,CKR-BBCW,1,0
kuwait,CKR-CK009-1,1,50
UAE,CKR-CK009-1,1,50
kuwait,CKR-CK009S,1,22
UAE,CKR-CK009S,1,8
kuwait,CKR-CK011-1,1,50
UAE,CKR-CK011-1,1,50
kuwait,CKR-CK011S,1,12
UAE,CKR-CK011S,1,17
kuwait,CSM-ST001-1,1,0
UAE,CSM-ST001-1,1,73
kuwait,CSM-ST010,1,0
UAE,CSM-ST010,1,12
kuwait,CSM-MO001-1,1,0
UAE,CSM-MO001-1,1,0
kuwait,CSM-MO011,1,0
UAE,CSM-MO011,1,0
kuwait,CSM-MO002-1,1,50
UAE,CSM-MO002-1,1,50
kuwait,CSM-MO012,1,0
UAE,CSM-MO012,1,67
kuwait,CSM-MO004-1,1,3
UAE,CSM-MO004-1,1,67
kuwait,CSM-MO010,1,0
UAE,CSM-MO010,1,0
kuwait,CSM-MO003-1,1,0
UAE,CSM-MO003-1,1,28
kuwait,CSM-MO013,1,0
UAE,CSM-MO013,1,0
kuwait,CSM-MO006-1,1,50
UAE,CSM-MO006-1,1,50
kuwait,CSM-MO014,1,0
UAE,CSM-MO014,1,27
kuwait,CSM-SC003-1,1,50
UAE,CSM-SC003-1,1,50
kuwait,CSM-SC011,1,0
UAE,CSM-SC011,1,0
kuwait,CSM-SC007-1,1,50
UAE,CSM-SC007-1,1,50
kuwait,CSM-SC004-1,1,0
UAE,CSM-SC004-1,1,27
kuwait,CSM-SC010,1,0
UAE,CSM-SC010,1,0
kuwait,CLE-CE0001-1,1,229
UAE,CLE-CE0001-1,1,51
kuwait,CLE-CE0007,1,0
UAE,CLE-CE0007,1,0
kuwait,CLE-CE0002-1,1,217
UAE,CLE-CE0002-1,1,34
kuwait,CLE-CE0008,1,0
UAE,CLE-CE0008,1,0
kuwait,CLE-CE0004-1,1,163
UAE,CLE-CE0004-1,1,73
kuwait,CLE-CE0010,1,0
UAE,CLE-CE0010,1,0
kuwait,CLE-CE0005-1,1,50
UAE,CLE-CE0005-1,1,50
kuwait,CLE-CE0003-1,1,50
UAE,CLE-CE0003-1,1,50
kuwait,CLE-CE0009,1,73
UAE,CLE-CE0009,1,0
kuwait,CLE-CE0011,1,0
UAE,CLE-CE0011,1,0
kuwait,CLE-CE0006-1,1,50
UAE,CLE-CE0006-1,1,50
kuwait,CLE-CE0012,1,0
UAE,CLE-CE0012,1,0
kuwait,ECO-11051-1,1,50
UAE,ECO-11051-1,1,50
kuwait,HES-90026-1,1,50
UAE,HES-90026-1,1,50
kuwait,HES-90027,1,0
UAE,HES-90027,1,0
kuwait,HES-90027-1,1,50
UAE,HES-90027-1,1,50
kuwait,HES-90028,1,0
UAE,HES-90028,1,0
kuwait,HES-90023-1,1,50
UAE,HES-90023-1,1,50
kuwait,HES-90024,1,215
UAE,HES-90024,1,0
kuwait,HES-90024-1,1,50
UAE,HES-90024-1,1,50
kuwait,HES-90025,1,227
UAE,HES-90025,1,12
kuwait,HES-90018-1,1,50
UAE,HES-90018-1,1,50
kuwait,HES-90019,1,41
UAE,HES-90019,1,6
kuwait,HES-90019-1,1,50
UAE,HES-90019-1,1,50
kuwait,HES-900121,1,50
UAE,HES-900121,1,50
kuwait,HES-90014-1,1,50
UAE,HES-90014-1,1,50
kuwait,HES-90015,1,257
UAE,HES-90015,1,6
kuwait,HES-90015-1,1,50
UAE,HES-90015-1,1,50
kuwait,HES-90017,1,265
UAE,HES-90017,1,11
kuwait,HES-90017-1,1,50
UAE,HES-90017-1,1,50
kuwait,HES-90016,1,9
UAE,HES-90016,1,0
kuwait,HES-90010-1,1,50
UAE,HES-90010-1,1,50
kuwait,HES-90011,1,0
UAE,HES-90011,1,0
kuwait,HES-90011-1,1,50
UAE,HES-90011-1,1,50
kuwait,HES-90012,1,74
UAE,HES-90012,1,2
kuwait,HES-90058,1,66
UAE,HES-90058,1,51
kuwait,HES-90058-1,1,50
UAE,HES-90058-1,1,50
kuwait,HES-11282-1,1,50
UAE,HES-11282-1,1,50
kuwait,HES-11283,1,15
UAE,HES-11283,1,6
kuwait,HES-11283-1,1,50
UAE,HES-11283-1,1,50
kuwait,HES-90059,1,103
UAE,HES-90059,1,54
kuwait,HES-90056-1,1,50
UAE,HES-90056-1,1,50
kuwait,HES-90057,1,14
UAE,HES-90057,1,0
kuwait,HES-11307-1,1,50
UAE,HES-11307-1,1,50
kuwait,HES-11309,1,97
UAE,HES-11309,1,4
kuwait,HES-11306,1,1
UAE,HES-11306,1,14
kuwait,HES-11306-1,1,50
UAE,HES-11306-1,1,50
kuwait,HES-11291-1,1,50
UAE,HES-11291-1,1,50
kuwait,HES-11296,1,0
UAE,HES-11296,1,0
kuwait,HES-11298-1,1,50
UAE,HES-11298-1,1,50
kuwait,HES-11299,1,0
UAE,HES-11299,1,0
kuwait,HES-11299-1,1,50
UAE,HES-11299-1,1,50
kuwait,HES-11300,1,0
UAE,HES-11300,1,0
kuwait,HES-11300-1,1,50
UAE,HES-11300-1,1,50
kuwait,HES-11303,1,0
UAE,HES-11303,1,0
kuwait,HES-90061,1,3
UAE,HES-90061,1,6
kuwait,HES-90061-1,1,50
UAE,HES-90061-1,0,0
kuwait,HES-11542,1,103
UAE,HES-11542,1,0
kuwait,HES-11542-1,1,45
UAE,HES-11542-1,1,50
kuwait,HES-11539,1,55
UAE,HES-11539,1,14
kuwait,HES-11539-1,1,45
UAE,HES-11539-1,1,50
kuwait,HES-11540,1,130
UAE,HES-11540,1,12
kuwait,HES-11540-1,1,45
UAE,HES-11540-1,1,50
kuwait,HES-11538,1,69
UAE,HES-11538,1,4
kuwait,HES-11538-1,1,49
UAE,HES-11538-1,1,50
kuwait,HES-11537-1,1,49
UAE,HES-11537-1,1,50
kuwait,HES-11535,1,26
UAE,HES-11535,1,9
kuwait,HES-11535-1,1,49
UAE,HES-11535-1,1,50
kuwait,HES-11536,1,127
UAE,HES-11536,1,9
kuwait,HES-90045,1,0
UAE,HES-90045,1,0
kuwait,HES-11345-1,1,50
UAE,HES-11345-1,0,0
kuwait,HES-11346,1,0
UAE,HES-11346,1,0
kuwait,HES-90052,1,33
UAE,HES-90052,1,12
kuwait,HES-90052-1,1,50
UAE,HES-90052-1,1,50
kuwait,HES-11328-1,1,50
UAE,HES-11328-1,1,50
kuwait,HES-11329,1,0
UAE,HES-11329,1,0
kuwait,HES-11329-1,1,50
UAE,HES-11329-1,1,50
kuwait,HES-11330,1,21
UAE,HES-11330,1,72
kuwait,HES-90047,1,212
UAE,HES-90047,1,13
kuwait,HES-90047-1,1,50
UAE,HES-90047-1,1,50
kuwait,HES-90048,1,100
UAE,HES-90048,1,12
kuwait,HES-90048-1,1,50
UAE,HES-90048-1,1,50
kuwait,HES-90049,1,269
UAE,HES-90049,1,63
kuwait,HES-90049-1,1,50
UAE,HES-90049-1,1,50
kuwait,HES-90050,1,287
UAE,HES-90050,1,52
kuwait,HES-11284-1,1,50
UAE,HES-11284-1,1,50
kuwait,HES-11286,1,35
UAE,HES-11286,1,41
kuwait,HES-11289-1,1,50
UAE,HES-11289-1,1,50
kuwait,HES-11290,1,52
UAE,HES-11290,1,50
kuwait,HES-11562,1,0
UAE,HES-11562,1,0
kuwait,HES-11562-1,1,50
UAE,HES-11562-1,1,50
kuwait,HES-11561,1,56
UAE,HES-11561,1,12
kuwait,HES-11561-1,1,50
UAE,HES-11561-1,1,50
kuwait,HES-11560,1,0
UAE,HES-11560,1,19
kuwait,HES-11560-1,1,50
UAE,HES-11560-1,1,50
kuwait,HES-11563,1,0
UAE,HES-11563,1,0
kuwait,HES-11566,1,0
UAE,HES-11566,1,0
kuwait,HES-11566-1,1,50
UAE,HES-11566-1,1,50
kuwait,HES-11564,1,16
UAE,HES-11564,1,19
kuwait,HES-11564-1,1,50
UAE,HES-11564-1,1,50
kuwait,HES-11565,1,63
UAE,HES-11565,1,18
kuwait,HES-11565-1,1,50
UAE,HES-11565-1,1,50
kuwait,HES-11567,1,14
UAE,HES-11567,1,10
kuwait,HES-11570,1,0
UAE,HES-11570,1,0
kuwait,HES-11570-1,1,50
UAE,HES-11570-1,1,50
kuwait,HES-11568,1,14
UAE,HES-11568,1,17
kuwait,HES-11568-1,1,50
UAE,HES-11568-1,1,50
kuwait,HES-11569,1,67
UAE,HES-11569,1,16
kuwait,HES-11569-1,1,50
UAE,HES-11569-1,1,50
kuwait,HES-11571,1,43
UAE,HES-11571,1,10
kuwait,HES-11571-1,1,50
UAE,HES-11571-1,1,50
kuwait,HES-11577,1,29
UAE,HES-11577,1,10
kuwait,HES-11577-1,1,50
UAE,HES-11577-1,1,50
kuwait,HES-11573,1,25
UAE,HES-11573,1,49
kuwait,HES-11573-1,1,50
UAE,HES-11573-1,1,50
kuwait,HES-11574,1,55
UAE,HES-11574,1,82
kuwait,HES-11574-1,1,50
UAE,HES-11574-1,1,50
kuwait,HES-11575,1,82
UAE,HES-11575,1,3
kuwait,HES-11575-1,1,50
UAE,HES-11575-1,1,50
kuwait,HES-11576,1,72
UAE,HES-11576,1,1
kuwait,HES-11334,1,0
UAE,HES-11334,1,0
kuwait,HES-11334-1,1,50
UAE,HES-11334-1,0,0
kuwait,HES-11572,1,0
UAE,HES-11572,1,0
kuwait,HES-90030,1,141
UAE,HES-90030,1,0
kuwait,HES-90030-1,1,0
UAE,HES-90030-1,1,11
kuwait,HES-90054,1,149
UAE,HES-90054,1,10
kuwait,HES-90054-1,1,2
UAE,HES-90054-1,1,22
kuwait,HES-90039,1,77
UAE,HES-90039,1,12
kuwait,ZAZ-11276-1,1,50
UAE,ZAZ-11276-1,1,50
kuwait,ZAZ-11277,1,3
UAE,ZAZ-11277,1,0
kuwait,ZAZ-11277-1,1,50
UAE,ZAZ-11277-1,1,50
kuwait,ZAZ-11278,1,0
UAE,ZAZ-11278,1,0
kuwait,ZAZ-11278-1,1,50
UAE,ZAZ-11278-1,1,50
kuwait,ZAZ-11279,1,7
UAE,ZAZ-11279,1,0
kuwait,ZAZ-11279-1,1,50
UAE,ZAZ-11279-1,1,50
kuwait,ZAZ-11280,1,4
UAE,ZAZ-11280,1,0
kuwait,ZAZ-11280-1,1,50
UAE,ZAZ-11280-1,1,50
kuwait,ZAZ-11281,1,3
UAE,ZAZ-11281,1,0
kuwait,INS-60501-1,1,50
UAE,INS-60501-1,1,50
kuwait,INS-60601,1,115
UAE,INS-60601,1,8
kuwait,INS-60519-1,1,50
UAE,INS-60519-1,1,50
kuwait,INS-60619,1,72
UAE,INS-60619,1,5
kuwait,INS-11551-1,1,50
UAE,INS-11551-1,1,50
kuwait,INS-60615,1,76
UAE,INS-60615,1,17
kuwait,INS-60517-1,1,50
UAE,INS-60517-1,1,50
kuwait,INS-60617,1,151
UAE,INS-60617,1,15
kuwait,INS-60520-1,1,50
UAE,INS-60520-1,1,50
kuwait,INS-60620,1,57
UAE,INS-60620,1,0
kuwait,INS-60503-1,1,48
UAE,INS-60503-1,1,50
kuwait,INS-11504,1,0
UAE,INS-11504,1,7
kuwait,INS-60521-1,1,50
UAE,INS-60521-1,1,50
kuwait,INS-60621,1,133
UAE,INS-60621,1,9
kuwait,INS-60504-1,1,0
UAE,INS-60504-1,1,0
kuwait,INS-60604,1,273
UAE,INS-60604,1,0
kuwait,INS-60505-1,1,6
UAE,INS-60505-1,1,35
kuwait,INS-60605,1,6
UAE,INS-60605,1,3
kuwait,INS-MM-02-01-P-1,1,50
UAE,INS-MM-02-01-P-1,1,50
kuwait,INS-60506,1,0
UAE,INS-60506,1,0
kuwait,INS-60507,1,0
UAE,INS-60507,1,2
kuwait,INS-60507-1,1,0
UAE,INS-60507-1,1,7
kuwait,INS-60508-1,1,50
UAE,INS-60508-1,1,50
kuwait,INS-HSE-02-01-P,1,0
UAE,INS-HSE-02-01-P,1,3
kuwait,INS-60512-1,1,0
UAE,INS-60512-1,1,0
kuwait,INS-60612,1,0
UAE,INS-60612,1,34
kuwait,INS-60511-1,1,0
UAE,INS-60511-1,1,14
kuwait,INS-60611,1,11
UAE,INS-60611,1,30
kuwait,INS-60510-1,1,50
UAE,INS-60510-1,1,50
kuwait,INS-60610,1,10
UAE,INS-60610,1,13
kuwait,JES-11111-1,1,16
UAE,JES-11111-1,1,7
kuwait,JES-11112,1,87
UAE,JES-11112,1,13
kuwait,JES-11112-1,1,50
UAE,JES-11112-1,1,50
kuwait,JES-11115,1,77
UAE,JES-11115,1,9
kuwait,JES-11125-1,1,137
UAE,JES-11125-1,1,69
kuwait,JES-11126,1,83
UAE,JES-11126,1,77
kuwait,JES-11126-1,1,50
UAE,JES-11126-1,1,50
kuwait,JES-11129,1,65
UAE,JES-11129,1,28
kuwait,JES-11090-1,1,93
UAE,JES-11090-1,1,35
kuwait,JES-11091,1,2
UAE,JES-11091,1,47
kuwait,JES-11091-1,1,50
UAE,JES-11091-1,1,50
kuwait,JES-11092,1,97
UAE,JES-11092,1,11
kuwait,JES-11098-1,1,61
UAE,JES-11098-1,1,48
kuwait,JES-11099,1,59
UAE,JES-11099,1,29
kuwait,JES-11099-1,1,50
UAE,JES-11099-1,1,50
kuwait,JES-11100,1,0
UAE,JES-11100,1,5
kuwait,JES-11143-1,1,169
UAE,JES-11143-1,1,48
kuwait,JES-11144,1,55
UAE,JES-11144,1,43
kuwait,JES-11144-1,1,50
UAE,JES-11144-1,1,50
kuwait,JES-11145,1,203
UAE,JES-11145,1,38
kuwait,JES-11139-1,1,50
UAE,JES-11139-1,1,50
kuwait,JES-11141,1,3
UAE,JES-11141,1,0
kuwait,JES-11133-1,1,115
UAE,JES-11133-1,1,30
kuwait,JES-11136,1,139
UAE,JES-11136,1,50
kuwait,JES-11136-1,1,50
UAE,JES-11136-1,1,50
kuwait,JES-11138,1,225
UAE,JES-11138,1,37
kuwait,JES-11079-1,1,231
UAE,JES-11079-1,1,55
kuwait,JES-11080,1,70
UAE,JES-11080,1,25
kuwait,JES-11080-1,1,50
UAE,JES-11080-1,1,50
kuwait,JES-11081,1,122
UAE,JES-11081,1,28
kuwait,JES-11093-1,1,114
UAE,JES-11093-1,1,52
kuwait,JES-11094,1,34
UAE,JES-11094,1,5
kuwait,JES-11094-1,1,50
UAE,JES-11094-1,1,50
kuwait,JES-11095,1,183
UAE,JES-11095,1,31
kuwait,JES-11103-1,1,88
UAE,JES-11103-1,1,41
kuwait,JES-11106,1,165
UAE,JES-11106,1,22
kuwait,JES-11106-1,1,50
UAE,JES-11106-1,1,50
kuwait,JES-11107,1,192
UAE,JES-11107,1,30
kuwait,JES-11108-1,1,50
UAE,JES-11108-1,1,50
kuwait,JES-11109,1,1
UAE,JES-11109,1,0
kuwait,JES-11082-1,1,50
UAE,JES-11082-1,1,50
kuwait,JES-11083,1,5
UAE,JES-11083,1,0
kuwait,JES-11084-1,1,36
UAE,JES-11084-1,1,0
kuwait,JES-11085,1,0
UAE,JES-11085,1,11
kuwait,JES-11085-1,1,50
UAE,JES-11085-1,1,50
kuwait,JES-11086,1,0
UAE,JES-11086,1,10
kuwait,JES-11087-1,1,50
UAE,JES-11087-1,1,50
kuwait,JES-11088,1,3
UAE,JES-11088,1,0
kuwait,JES-11116-1,1,50
UAE,JES-11116-1,1,50
kuwait,JES-11118,1,0
UAE,JES-11118,1,0
kuwait,JES-11121-1,1,50
UAE,JES-11121-1,1,50
kuwait,JES-11123,1,0
UAE,JES-11123,1,0
kuwait,JES-11096-1,1,50
UAE,JES-11096-1,1,50
kuwait,JES-11097,1,0
UAE,JES-11097,1,0
kuwait,JES-11130-1,1,50
UAE,JES-11130-1,1,50
kuwait,JES-11146-1,1,50
UAE,JES-11146-1,1,50
kuwait,JES-11150,1,7
UAE,JES-11150,1,0
kuwait,RZC-KIT01-1,1,50
UAE,RZC-KIT01-1,1,50
kuwait,RZC-32039,1,35
UAE,RZC-32039,1,9
kuwait,HES-11553,1,0
UAE,HES-11553,1,0
kuwait,HES-11554,1,76
UAE,HES-11554,1,6
kuwait,HES-90041,1,0
UAE,HES-90041,1,0
kuwait,HES-11555,1,50
UAE,HES-11555,1,6
kuwait,HES-11552,1,81
UAE,HES-11552,1,5
kuwait,CLE-KWDB,1,1
UAE,CLE-KWDB,1,0
kuwait,JES-11132,1,8
UAE,JES-11132,1,0
kuwait,Giftcard,1,996
kuwait,AIA-501013,1,0
UAE,AIA-501013,1,33
kuwait,HES-11297,1,0
UAE,HES-11297,1,0
kuwait,HES-90021,1,43
UAE,HES-90021,1,0
UAE,SOC-11227,1,0
UAE,BCL-0010,1,1
UAE,CAN-07987,1,0
UAE,CAN-07988,1,0
UAE,CAN-07990,1,15
UAE,CAN-07991,1,1
UAE,CAN-07992,1,0
UAE,CAN-07993,1,18
UAE,CAN-07995,1,18
UAE,CAN-07996,1,17
UAE,CAN-08001,1,15
UAE,CAN-500030,1,0
UAE,CKR-CK001,1,0
UAE,CKR-FLXG,1,31
UAE,CKR-FLXP,1,69
UAE,CKR-QDSGHP,1,9
UAE,HES-11293,1,8
UAE,HES-11315,1,7
UAE,INS-60502,1,0
UAE,INS-60618,1,2
UAE,INS-MM-02-01-P,1,23
UAE,KCL-K-CC8S,1,0
UAE,KCL-K-MM8S,1,0
UAE,KCL-K-SC12S,1,0
UAE,SHE-100063,1,2
UAE,SHE-100064,1,0
UAE,SHE-100065,1,16
UAE,BCL-0009,1,0
UAE,BCL-0011,1,0
UAE,CCH-110004,1,4
UAE,CCH-110006,1,12
UAE,CCH-110013,1,0
UAE,CKR-CK00112OZ,1,0
UAE,CKR-CK0048OZ,1,0
UAE,CON-VIDEO,1,0
UAE,CSM-KIT17,1,16
UAE,CSM-ST011,1,0
UAE,ESS-11060,1,0
UAE,ESS-11061,1,0
UAE,ESS-11062,1,0
UAE,ESS-11063,1,0
UAE,ESS-11064,1,0
UAE,ESS-11065,1,0
UAE,HES-11285,1,0
UAE,HES-11287,1,0
UAE,HES-11288,1,0
UAE,HES-11292,1,0
UAE,HES-11294,1,0
UAE,HES-11295,1,0
UAE,HES-11301,1,0
UAE,HES-11302,1,0
UAE,HES-11304,1,0
UAE,HES-11308,1,0
UAE,HES-11311,1,0
UAE,HES-11313,1,0
UAE,HES-11314,1,0
UAE,HES-11316,1,0
UAE,HES-11317,1,0
UAE,HES-11318,1,0
UAE,HES-11319,1,0
UAE,HES-11320,1,0
UAE,HES-11321,1,0
UAE,HES-11323,1,0
UAE,HES-11324,1,0
UAE,HES-11325,1,0
UAE,HES-11327,1,0
UAE,HES-11332,1,0
UAE,HES-11333,1,0
UAE,HES-11335,1,0
UAE,HES-11336,1,0
UAE,HES-11337,1,0
UAE,HES-11339,1,0
UAE,HES-11340,1,0
UAE,HES-11341,1,0
UAE,HES-11342,1,0
UAE,HES-11343,1,0
UAE,HES-11344,1,0
UAE,HES-11347,1,0
UAE,HES-11500,1,0
UAE,HES-11501,1,0
UAE,HES-11528,1,0
UAE,HES-11529,1,0
UAE,HES-11530,1,0
UAE,HES-90029,1,0
UAE,HES-90031,1,0
UAE,HES-90036,1,0
UAE,HES-90042,1,0
UAE,HES-90055,1,0
UAE,HES-90056,1,0
UAE,INS-60602,1,0
UAE,INS-60616,1,8
UAE,TLX-60014,1,26
kuwait,BCL-0010,1,0
kuwait,CAN-07987,1,2
kuwait,CAN-07988,1,6
kuwait,CAN-07990,1,8
kuwait,CAN-07991,1,0
kuwait,CAN-07992,1,0
kuwait,CAN-07993,1,0
kuwait,CAN-07995,1,0
kuwait,CAN-07996,1,16
kuwait,CAN-08001,1,6
kuwait,CAN-500030,1,66
kuwait,CKR-CK001,1,78
kuwait,CKR-CK005S,1,5
kuwait,CKR-FLXG,1,352
kuwait,CKR-FLXP,1,75
kuwait,CKR-QDSGHP,1,0
kuwait,HES-11293,1,0
kuwait,HES-11315,1,0
kuwait,INS-60618,1,0
kuwait,INS-MM-02-01-P,1,8
kuwait,KCL-K-CC8S,1,0
kuwait,KCL-K-MM8S,1,12
kuwait,KCL-K-SC12S,1,7
kuwait,SHE-100063,1,77
kuwait,SHE-100064,1,85
kuwait,SHE-100065,1,126
kuwait,AIA-501612,1,0
kuwait,AJA-Cleanser,1,0
kuwait,AJA-Coco-Wash,1,0
kuwait,AJA-Curl-Boss,1,0
kuwait,AJA-Gel,1,0
kuwait,AJA-Jelly,1,0
kuwait,AJA-Ohsoclean,1,0
kuwait,AJA-Rescued,1,0
kuwait,AJK-COND15,1,0
kuwait,AJK-OIL15,1,0
kuwait,AJK-SHA12,1,0
kuwait,BCL-0009,1,0
kuwait,BCL-0011,1,0
kuwait,BEHAIRFUL,1,0
kuwait,CAN-10001,1,0
kuwait,CCH-110004,1,0
kuwait,CCH-110006,1,0
kuwait,CCH-110013,1,0
kuwait,CKR-CK00112OZ,1,12
kuwait,CKR-CK0048OZ,1,0
kuwait,CON-VIDEO,1,0
kuwait,CSM-KIT17,1,0
kuwait,CSM-ST011,1,0
kuwait,CURPRO-CLAR8,1,0
kuwait,CURPRO-CRE8,1,0
kuwait,CURPRO-DC14,1,0
kuwait,ECO-11052,1,0
kuwait,ESS-11060,1,0
kuwait,ESS-11061,1,0
kuwait,ESS-11062,1,0
kuwait,ESS-11063,1,0
kuwait,ESS-11064,1,0
kuwait,ESS-11065,1,0
kuwait,FCL-TOWEL,1,0
kuwait,GIF-11283,1,0
kuwait,HES-11285,1,0
kuwait,HES-11287,1,0
kuwait,HES-11288,1,0
kuwait,HES-11292,1,0
kuwait,HES-11294,1,0
kuwait,HES-11295,1,0
kuwait,HES-11301,1,0
kuwait,HES-11302,1,0
kuwait,HES-11304,1,0
kuwait,HES-11308,1,0
kuwait,HES-11311,1,0
kuwait,HES-11313,1,0
kuwait,HES-11314,1,0
kuwait,HES-11316,1,0
kuwait,HES-11317,1,0
kuwait,HES-11318,1,0
kuwait,HES-11319,1,0
kuwait,HES-11320,1,0
kuwait,HES-11321,1,0
kuwait,HES-11323,1,0
kuwait,HES-11324,1,0
kuwait,HES-11325,1,0
kuwait,HES-11327,1,0
kuwait,HES-11332,1,0
kuwait,HES-11333,1,0
kuwait,HES-11335,1,0
kuwait,HES-11336,1,0
kuwait,HES-11337,1,0
kuwait,HES-11339,1,0
kuwait,HES-11340,1,0
kuwait,HES-11341,1,0
kuwait,HES-11342,1,0
kuwait,HES-11343,1,0
kuwait,HES-11344,1,0
kuwait,HES-11347,1,0
kuwait,HES-11500,1,0
kuwait,HES-11501,1,0
kuwait,HES-11528,1,0
kuwait,HES-11529,1,0
kuwait,HES-11530,1,0
kuwait,HES-90029,1,0
kuwait,HES-90031,1,0
kuwait,HES-90036,1,0
kuwait,HES-90042,1,0
kuwait,HES-90055,1,0
kuwait,HES-90056,1,0
kuwait,INS-60602,1,0
kuwait,INS-60616,1,6
kuwait,MIX-11186,1,0
kuwait,MYS-CRE,1,0
kuwait,PCG-11190,1,0
kuwait,RZC-GIFT1,1,0
kuwait,SOC-11227,1,0
kuwait,TCN-11233,1,0
kuwait,TCN-11284,1,0
kuwait,TLX-60014,1,0
kuwait,TPGLHHT,1,0
kuwait,TPGLHHW,1,0
kuwait,TRO-APP8,1,0
kuwait,TRONAT-COILSEAL,1,0
kuwait,TRONAT-COND,1,0
kuwait,TRONAT-CURSEAL,1,0
kuwait,TRONAT-SCALP,1,0
kuwait,BCL-VI001,1,0
UAE,BCL-VI001,1,0
kuwait,CCH-110010,1,0
UAE,CCH-110010,1,6
kuwait,BCL-1397,1,0
UAE,BCL-1397,1,31
kuwait,TLX-60030,1,0
UAE,TLX-60030,1,35
kuwait,TLX-60032,1,0
UAE,TLX-60032,1,17
kuwait,TLX-60031,1,0
UAE,TLX-60031,1,27
kuwait,MIX-11201,1,0
UAE,MIX-11201,1,1
kuwait,MIX-11203,1,0
UAE,MIX-11203,1,1
kuwait,CSM-ESS01,1,0
UAE,CSM-ESS01,1,0
kuwait,CSM-ESS02,1,0
UAE,CSM-ESS02,1,36
kuwait,CSM-ESS03,1,0
UAE,CSM-ESS03,1,32
kuwait,SHE-100054,1,0
UAE,SHE-100054,1,47
kuwait,SHE-100052,1,0
UAE,SHE-100052,1,47
kuwait,SHE-100053,1,0
UAE,SHE-100053,1,36
kuwait,SHE-100051,1,0
UAE,SHE-100051,1,22
kuwait,SHE-100055,1,0
UAE,SHE-100055,1,14
UAE,SHE-100056,1,36
UAE,SHE-100057,1,9
kuwait,SHE-100066,1,0
UAE,SHE-100066,1,1
kuwait,SHE-100059,1,0
UAE,SHE-100059,1,37
kuwait,SHE-100060,1,0
UAE,SHE-100060,1,40
kuwait,SHE-100061,1,0
UAE,SHE-100061,1,39
kuwait,SHE-100058,1,0
UAE,SHE-100058,1,34
kuwait,SHE-100050,1,0
UAE,SHE-100050,1,49
kuwait,SHE-100062,1,0
UAE,SHE-100062,1,30
kuwait,PCG-10001,1,0
UAE,PCG-10001,1,10
kuwait,PCG-10002,1,0
UAE,PCG-10002,1,11
kuwait,PCG-10003,1,0
UAE,PCG-10003,1,0
kuwait,PCG-10004,1,0
UAE,PCG-10004,1,12
kuwait,PCG-10005,1,0
UAE,PCG-10005,1,11
kuwait,PCG-10006,1,0
UAE,PCG-10006,1,15
kuwait,PCG-10007,1,0
UAE,PCG-10007,1,10
kuwait,PCG-10008,1,0
UAE,PCG-10008,1,21
kuwait,PCG-10009,1,0
UAE,PCG-10009,1,17
kuwait,PCG-10010,1,0
UAE,PCG-10010,1,15
kuwait,PCG-10011,1,0
UAE,PCG-10011,1,22
kuwait,PCG-10012,1,0
UAE,PCG-10012,1,0
kuwait,PCG-10013,1,0
UAE,PCG-10013,1,3
kuwait,PCG-10014,1,0
UAE,PCG-10014,1,6
kuwait,RZC-05133,1,0
UAE,RZC-05133,1,34
kuwait,RZC-05136,1,0
UAE,RZC-05136,1,5
kuwait,RZC-05137,1,0
UAE,RZC-05137,1,21
kuwait,UFD-11262,1,0
UAE,UFD-11262,1,12
kuwait,ECO-21001,1,0
UAE,ECO-21001,1,6
kuwait,MIX-11202,1,0
UAE,MIX-11202,1,0
kuwait,INS-11547-1,1,46
UAE,INS-11547-1,1,12
kuwait,INS-MCG-02-01-P,1,12
UAE,INS-MCG-02-01-P,1,3
kuwait,INS-11546-1,1,0
UAE,INS-11546-1,1,0
kuwait,INS-MCN-02-01-P,1,12
UAE,INS-MCN-02-01-P,1,3
kuwait,INS-11550-1,1,0
UAE,INS-11550-1,1,0
kuwait,INS-MSH-02-01-P,1,11
UAE,INS-MSH-02-01-P,1,0
kuwait,INS-11548-1,1,0
UAE,INS-11548-1,1,0
kuwait,INS-MHM-02-01-P,1,9
UAE,INS-MHM-02-01-P,1,0
kuwait,INS-11549-1,1,21
UAE,INS-11549-1,1,0
kuwait,INS-MLM-02-01-P,1,12
UAE,INS-MLM-02-01-P,1,8
kuwait,INS-60516-1,1,113
UAE,INS-60516-1,1,24
kuwait,INS-60518-1,1,13
UAE,INS-60518-1,1,24
kuwait,CSM-KIT09-1,1,0
UAE,CSM-KIT09-1,1,0
kuwait,CKR-CK001-1,1,206
UAE,CKR-CK001-1,1,18
UAE_site,HES-11306,1,3
UAE_site,HES-11305,1,5
UAE_site,FCL-FC030,1,1
UAE_site,FCL-FC002,1,5
UAE_site,FCL-FC006,1,0
UAE_site,PCG-10011,1,0
UAE_site,CKR-AGC,1,8
UAE_site,CBB-11017,1,3
UAE_site,JES-11080,1,24
UAE_site,JES-11081,1,12
UAE_site,JES-11079,1,29
UAE_site,AIA-501010,1,5
UAE_site,AIA-501013,1,2
UAE_site,AIA-501011,1,3
UAE_site,AIA-501678,1,3
UAE_site,AIA-501677,1,4
UAE_site,AIA-501676,1,4
UAE_site,AIA-501680,1,6
UAE_site,AIA-501679,1,4
UAE_site,AIA-501018,1,4
UAE_site,AIA-501539,1,1
UAE_site,AIA-501547,1,3
UAE_site,AIA-501541,1,5
UAE_site,AIA-501540,1,6
UAE_site,AIA-501012,1,5
UAE_site,AIA-501606,1,6
UAE_site,AIA-501608,1,4
UAE_site,AIA-501613,1,1
UAE_site,AIA-501610,1,2
UAE_site,AIA-501002,1,2
UAE_site,AIA-501027,1,2
UAE_site,AIA-501546,1,6
UAE_site,AIA-501028,1,4
UAE_site,AIA-501401,1,6
UAE_site,AIA-501026,1,4
UAE_site,AIA-501576,1,3
UAE_site,AIA-501575,1,3
UAE_site,AIA-501573,1,6
UAE_site,AIA-501572,1,5
UAE_site,AIA-501574,1,6
UAE_site,AIA-501577,1,1
UAE_site,AIA-501022,1,5
UAE_site,AIA-501014,1,8
UAE_site,AIA-501609,1,6
UAE_site,BNC-500003,1,9
UAE_site,JES-11085,1,1
UAE_site,JES-11086,1,2
UAE_site,JES-11084,1,16
UAE_site,CBB-11018,1,3
UAE_site,CBB-11019,1,1
UAE_site,CBB-11020,1,3
UAE_site,CBB-11021,1,3
UAE_site,CBB-11022,1,3
UAE_site,CBB-11024,1,0
UAE_site,CBB-11025,1,2
UAE_site,CBB-11026,1,3
UAE_site,CBB-11029,1,3
UAE_site,CSM-ST001,1,5
UAE_site,BCL-501664,1,0
UAE_site,BCL-501661,1,5
UAE_site,BCL-501663,1,0
UAE_site,BCL-501662,1,3
UAE_site,BCL-1384,1,21
UAE_site,BCL-1008,1,19
UAE_site,BCL-1005,1,18
UAE_site,BCL-1320,1,9
UAE_site,BCL-1257,1,24
UAE_site,BCL-1010,1,12
UAE_site,BCL-1063,1,22
UAE_site,BCL-1328,1,11
UAE_site,BCL-1265,1,24
UAE_site,BCL-1131,1,21
UAE_site,BCL-1157,1,17
UAE_site,UFD-11250,1,3
UAE_site,PCG-10006,1,1
UAE_site,PCG-10004,1,3
UAE_site,CCH-110004,1,0
UAE_site,CCH-110006,1,6
UAE_site,CCH-110007,1,6
UAE_site,CCH-110008,1,6
UAE_site,CCH-110010,1,3
UAE_site,CCH-110013,1,5
UAE_site,CAN-07991,1,2
UAE_site,CAN-07990,1,3
UAE_site,CAN-07988,1,1
UAE_site,CAN-07987,1,0
UAE_site,CAN-07003,1,0
UAE_site,CAN-07006,1,0
UAE_site,CAN-07004,1,3
UAE_site,CAN-07012,1,3
UAE_site,CAN-07996,1,3
UAE_site,CAN-07995,1,3
UAE_site,CAN-08001,1,3
UAE_site,CAN-07993,1,3
UAE_site,CAN-07992,1,3
UAE_site,CAN-00001,1,3
UAE_site,CAN-00002,1,3
UAE_site,CAN-07005,1,3
UAE_site,CAN-07531,1,3
UAE_site,CAN-07532,1,2
UAE_site,CAN-500011,1,3
UAE_site,CAN-500012,1,3
UAE_site,CAN-500014,1,0
UAE_site,CAN-500015,1,3
UAE_site,CAN-500018,1,0
UAE_site,CAN-500017,1,0
UAE_site,CAN-500019,1,2
UAE_site,CAN-500030,1,0
UAE_site,MIX-11203,1,2
UAE_site,HES-11307,1,5
UAE_site,HES-11309,1,6
UAE_site,MIX-11169,1,3
UAE_site,CRT-11036,1,3
UAE_site,FCL-FC014,1,0
UAE_site,HES-90012,1,2
UAE_site,BCL-1258,1,10
UAE_site,JES-11087,1,2
UAE_site,JES-11091,1,23
UAE_site,JES-11092,1,24
UAE_site,JES-11090,1,10
UAE_site,CSM-ST004,1,1
UAE_site,CKR-CK009,1,6
UAE_site,CKR-CK009S,1,3
UAE_site,CRT-11037,1,3
UAE_site,KCL-K-CC8,1,1
UAE_site,CRT-11038,1,3
UAE_site,CSM-MO016,1,1
UAE_site,CSM-MO004,1,0
UAE_site,CKR-CK003S,1,3
UAE_site,CKR-CK003,1,3
UAE_site,CKR-CK001,1,0
UAE_site,CKR-CK00112OZ,1,3
UAE_site,CKR-CK001S,1,3
UAE_site,CKR-20016,1,6
UAE_site,CKR-20017,1,3
UAE_site,CSM-MO001,1,2
UAE_site,TLX-60012,1,4
UAE_site,MIX-11170,1,3
UAE_site,TLX-60014,1,0
UAE_site,CSM-MO009,1,0
UAE_site,CSM-ST003,1,0
UAE_site,CSM-CO004,1,4
UAE_site,CSM-CO006,1,5
UAE_site,CSM-CO005,1,6
UAE_site,CSM-CO003,1,5
UAE_site,CSM-CO007,1,4
UAE_site,CSM-SH004,1,2
UAE_site,UFD-11251,1,0
UAE_site,CCQ-11036,1,2
UAE_site,CCQ-11038,1,2
UAE_site,CCQ-11039,1,2
UAE_site,CCQ-11042,1,3
UAE_site,CCQ-11043,1,1
UAE_site,HES-11290,1,6
UAE_site,HES-11578,1,3
UAE_site,HES-11579,1,3
UAE_site,MIX-11202,1,3
UAE_site,JES-11094,1,13
UAE_site,JES-11095,1,8
UAE_site,JES-11093,1,7
UAE_site,CSM-SC005,1,2
UAE_site,BCL-1068,1,23
UAE_site,HES-90051,1,2
UAE_site,CSM-MO002,1,0
UAE_site,CKR-CK013,1,3
UAE_site,CSM-ESS01,1,0
UAE_site,CKR-CK007,1,9
UAE_site,CKR-20013,1,3
UAE_site,CSM-ESS03,1,5
UAE_site,CSM-ESS02,1,5
UAE_site,CSM-ST002,1,0
UAE_site,PCG-10007,1,0
UAE_site,CKR-FLXG,1,22
UAE_site,CKR-FLXP,1,19
UAE_site,CSM-SC001,1,0
UAE_site,JES-11099,1,24
UAE_site,JES-11100,1,1
UAE_site,JES-11098,1,24
UAE_site,CLE-CE0045,1,9
UAE_site,BNC-500008,1,6
UAE_site,JES-11106,1,23
UAE_site,JES-11107,1,8
UAE_site,JES-11103,1,14
UAE_site,CLE-CE0001,1,1
UAE_site,CSM-CO002,1,4
UAE_site,CRT-11039,1,3
UAE_site,CKR-X-H2O,1,0
UAE_site,JES-11112,1,24
UAE_site,JES-11115,1,4
UAE_site,JES-11111,1,24
UAE_site,HES-90010,1,15
UAE_site,HES-90030,1,5
UAE_site,HES-90054,1,1
UAE_site,HES-11576,1,2
UAE_site,HES-11573,1,4
UAE_site,HES-11575,1,2
UAE_site,HES-11574,1,6
UAE_site,HES-11554,1,3
UAE_site,HES-11555,1,3
UAE_site,HES-11552,1,3
UAE_site,HES-11285,1,3
UAE_site,HES-11286,1,5
UAE_site,HES-11284,1,5
UAE_site,HES-11330,1,2
UAE_site,HES-11328,1,6
UAE_site,CKR-QDSGHP,1,3
UAE_site,CKR-QDSGPL,1,4
UAE_site,UFD-11256,1,1
UAE_site,TLX-60017,1,0
UAE_site,CSM-MO003,1,0
UAE_site,HOC-11066,1,5
UAE_site,HOC-11067,1,3
UAE_site,HOC-11069,1,4
UAE_site,HOC-11072,1,5
UAE_site,THC-10005,1,2
UAE_site,THC-10004,1,3
UAE_site,THC-10007,1,2
UAE_site,THC-10003,1,1
UAE_site,THC-10001,1,1
UAE_site,CSM-SC003,1,0
UAE_site,CSM-SC004,1,2
UAE_site,CSM-MO006,1,0
UAE_site,INS-60601,1,3
UAE_site,INS-60501,1,0
UAE_site,INS-11504,1,3
UAE_site,INS-60503,1,6
UAE_site,INS-60604,1,5
UAE_site,LSG-02-01-P,1,0
UAE_site,INS-60504,1,5
UAE_site,INS-60605,1,3
UAE_site,INS-60505,1,8
UAE_site,INS-MCG-02-01-P,1,2
UAE_site,INS-11547,1,2
UAE_site,INS-MCN-02-01-P,1,3
UAE_site,INS-11546,1,1
UAE_site,INS-MSH-02-01-P,1,0
UAE_site,INS-11550,1,0
UAE_site,INS-MHM-02-01-P,1,3
UAE_site,INS-11548,1,1
UAE_site,INS-MLM-02-01-P,1,2
UAE_site,INS-MM-02-01-P,1,3
UAE_site,INS-60506,1,3
UAE_site,INS-CSG-02-01-P,1,2
UAE_site,INS-60507,1,0
UAE_site,INS-HSE-02-01-P,1,3
UAE_site,INS-60508,1,2
UAE_site,INS-60610,1,6
UAE_site,INS-60510,1,5
UAE_site,INS-60611,1,4
UAE_site,INS-60511,1,0
UAE_site,INS-60612,1,5
UAE_site,INS-60512,1,8
UAE_site,INS-60615,1,4
UAE_site,INS-11551,1,1
UAE_site,INS-60516,1,4
UAE_site,INS-60616,1,6
UAE_site,INS-60517,1,0
UAE_site,INS-60617,1,5
UAE_site,INS-60618,1,0
UAE_site,INS-60518,1,0
UAE_site,INS-60619,1,0
UAE_site,INS-60519,1,0
UAE_site,INS-60621,1,5
UAE_site,INS-60521,1,0
UAE_site,CEI-CEI004,1,3
UAE_site,CEI-CE0046,1,21
UAE_site,CEI-CEI001,1,21
UAE_site,CEI-CEI002,1,22
UAE_site,CEI-CEI003,1,18
UAE_site,PCG-10005,1,3
UAE_site,CEI-CU1000,1,30
UAE_site,CSM-MO007,1,2
UAE_site,CLE-CE0003,1,5
UAE_site,CBB-11075,1,1
UAE_site,FC-HHM8,1,7
UAE_site,PCG-10013,1,3
UAE_site,PCG-10012,1,3
UAE_site,PCG-10014,1,3
UAE_site,KCL-K-KB,1,1
UAE_site,KCL-K-MM8,1,0
UAE_site,HES-11562,1,2
UAE_site,HES-11561,1,2
UAE_site,HES-11563,1,1
UAE_site,HES-11560,1,3
UAE_site,CRT-11041,1,3
UAE_site,CKR-CK004,1,5
UAE_site,CKR-CK004S,1,1
UAE_site,CLE-CE0004,1,2
UAE_site,PCG-10010,1,0
UAE_site,MIX-11201,1,3
UAE_site,JES-11116,1,1
UAE_site,BNC-500001,1,4
UAE_site,PCG-10008,1,0
UAE_site,HES-11570,1,1
UAE_site,HES-11569,1,3
UAE_site,HES-11571,1,1
UAE_site,HES-11568,1,3
UAE_site,HES-11541,1,3
UAE_site,HES-11542,1,0
UAE_site,HES-11539,1,3
UAE_site,HES-11540,1,3
UAE_site,HES-90052,1,3
UAE_site,HES-90053,1,6
UAE_site,UFD-11257,1,3
UAE_site,FCL-FC013,1,2
UAE_site,HES-11537,1,2
UAE_site,HES-11538,1,3
UAE_site,HES-11535,1,1
UAE_site,HES-11536,1,3
UAE_site,CSM-ST009,1,0
UAE_site,MNL-600003,1,13
UAE_site,MNL-600001,1,18
UAE_site,MNL-600004,1,9
UAE_site,MNL-600002,1,5
UAE_site,HES-90025,1,5
UAE_site,MIX-11174,1,3
UAE_site,BNC-500004,1,5
UAE_site,CSM-MO005,1,0
UAE_site,CLE-CE0005,1,13
UAE_site,MIX-11181,1,3
UAE_site,CSM-ST006,1,0
UAE_site,CLE-CE0044,1,9
UAE_site,CLE-CE0002,1,0
UAE_site,JES-11120,1,15
UAE_site,ZAZ-11276,1,0
UAE_site,ZAZ-11281,1,0
UAE_site,ZAZ-11280,1,0
UAE_site,ZAZ-11279,1,2
UAE_site,ZAZ-11277,1,4
UAE_site,CKR-CK012,1,1
UAE_site,CRT-11042,1,3
UAE_site,CBB-11076,1,2
UAE_site,CBB-11077,1,0
UAE_site,PCG-10002,1,2
UAE_site,PCG-10003,1,2
UAE_site,CKR-POPD,1,12
UAE_site,CSM-SC002,1,3
UAE_site,HES-90039,1,6
UAE_site,HES-90048,1,6
UAE_site,HES-90049,1,5
UAE_site,HES-90050,1,5
UAE_site,TPC-11241,1,7
UAE_site,TPC-11242,1,2
UAE_site,TPC-11243,1,3
UAE_site,TPC-11239,1,6
UAE_site,HES-90026,1,0
UAE_site,CKR-11286,1,1
UAE_site,RAW-11199,1,4
UAE_site,RAW-11201,1,0
UAE_site,RAW-11203,1,3
UAE_site,RAW-11204,1,5
UAE_site,RAW-11205,1,2
UAE_site,TLX-60018,1,0
UAE_site,CKR-CK002,1,4
UAE_site,CKR-CK002S,1,2
UAE_site,PCG-10001,1,1
UAE_site,BCL-1130,1,12
UAE_site,UFD-11259,1,2
UAE_site,JES-11121,1,3
UAE_site,RR-RXOIL,1,11
UAE_site,CBB-11078,1,2
UAE_site,RZC-11206,1,4
UAE_site,RZC-05133,1,4
UAE_site,RZC-32030,1,0
UAE_site,RZC-32032,1,0
UAE_site,RZC-05136,1,4
UAE_site,RZC-05132,1,3
UAE_site,RZC-32031,1,0
UAE_site,RZC-05120,1,3
UAE_site,RZC-05130,1,4
UAE_site,RZC-32033,1,8
UAE_site,RZC-05137,1,3
UAE_site,RZC-05131,1,5
UAE_site,JES-11126,1,35
UAE_site,JES-11129,1,23
UAE_site,JES-11125,1,24
UAE_site,CKR-RJC,1,6
UAE_site,CKR-20015,1,6
UAE_site,FCL-FC009,1,0
UAE_site,FCL-FC010,1,0
UAE_site,FCL-FC005,1,0
UAE_site,FCL-FC028,1,0
UAE_site,PCG-10009,1,2
UAE_site,SMO-10012,1,3
UAE_site,SMO-10014,1,3
UAE_site,SMO-10015,1,3
UAE_site,SMO-10013,1,3
UAE_site,SMO-10011,1,2
UAE_site,BCL-11543,1,22
UAE_site,BCL-11544,1,0
UAE_site,BCL-11545,1,21
UAE_site,CSM-ST005,1,0
UAE_site,SHE-100050,1,3
UAE_site,SHE-100006,1,2
UAE_site,SHE-11207,1,3
UAE_site,SHE-100005,1,2
UAE_site,SHE-100052,1,2
UAE_site,SHE-100053,1,3
UAE_site,SHE-100051,1,2
UAE_site,SHE-11210,1,3
UAE_site,SHE-11211,1,3
UAE_site,SHE-11213,1,3
UAE_site,SHE-100054,1,2
UAE_site,SHE-100007,1,0
UAE_site,SHE-100055,1,3
UAE_site,SHE-100056,1,2
UAE_site,SHE-100057,1,2
UAE_site,SHE-100066,1,3
UAE_site,SHE-100059,1,3
UAE_site,SHE-100060,1,2
UAE_site,SHE-100058,1,3
UAE_site,SHE-100061,1,3
UAE_site,SHE-100062,1,3
UAE_site,SHE-100002,1,2
UAE_site,SHE-100003,1,3
UAE_site,SHE-100001,1,2
UAE_site,SHE-100020,1,3
UAE_site,SHE-100065,1,1
UAE_site,SHE-100064,1,3
UAE_site,SHE-100063,1,3
UAE_site,SHE-11216,1,3
UAE_site,SHE-100018,1,3
UAE_site,CSM-SH002,1,3
UAE_site,CSM-SH003,1,1
UAE_site,CSM-SH005,1,2
UAE_site,CSM-KIT11,1,3
UAE_site,CSM-SH011,1,0
UAE_site,CSM-SH001,1,3
UAE_site,UFD-11260,1,3
UAE_site,HES-90061,1,3
UAE_site,HES-90060,1,3
UAE_site,CKR-CK011,1,6
UAE_site,CKR-CK011S,1,3
UAE_site,CKR-CK008,1,6
UAE_site,CKR-CK008S,1,3
UAE_site,CKR-CK006,1,7
UAE_site,CKR-20010,1,3
UAE_site,HES-11577,1,0
UAE_site,HES-11566,1,1
UAE_site,HES-11565,1,3
UAE_site,HES-11567,1,2
UAE_site,HES-11564,1,3
UAE_site,CPP-11031,1,2
UAE_site,CPP-11032,1,3
UAE_site,CPP-11033,1,3
UAE_site,CPP-11034,1,0
UAE_site,CPP-11035,1,2
UAE_site,TLX-60031,1,11
UAE_site,TLX-60030,1,6
UAE_site,TLX-60032,1,6
UAE_site,FCL-FC019,1,2
UAE_site,FCL-FC020,1,3
UAE_site,FCL-FC018,1,0
UAE_site,JES-11136,1,13
UAE_site,JES-11138,1,0
UAE_site,JES-11133,1,15
UAE_site,CKR-20018,1,6
UAE_site,CKR-20019,1,3
UAE_site,UFD-11261,1,2
UAE_site,JES-11142,1,13
UAE_site,CSM-KIT16,1,1
UAE_site,CKR-10006,1,2
UAE_site,CKR-STL,1,14
UAE_site,MIX-11183,1,3
UAE_site,CKR-CK005,1,4
UAE_site,CKR-CK005S,1,3
UAE_site,MIX-11184,1,3
UAE_site,CLE-CE0006,1,20
UAE_site,MIX-11185,1,3
UAE_site,UFD-11262,1,3
UAE_site,KCL-K-SC12,1,0
UAE_site,CSM-SC006,1,4
UAE_site,BNC-500006,1,7
UAE_site,BCL-1397,1,18
UAE_site,FCL-FC012,1,0
UAE_site,FCL-FC011,1,0
UAE_site,FCL-FC016,1,0
UAE_site,CKR-20011,1,2
UAE_site,CKR-20012,1,0
UAE_site,UFD-11263,1,3
UAE_site,JES-11144,1,22
UAE_site,JES-11145,1,0
UAE_site,JES-11143,1,12
UAE_site,CKR-20021,1,3
UAE_site,KCL-K-KTS,1,3
UAE_site,CKR-CK010,1,6
UAE_site,CKR-20014,1,3
UAE_site,CKR-CK014,1,6
UAE_site,CKR-CK014S,1,0
UAE_site,TLX-60019,1,0
UAE_site,CSM-CO001,1,6
UAE_site,CSM-SC007,1,3
UAE_site,CSM-KIT17,1,3
UAE_site,CSM-SC008,1,0
UAE_site,HES-90059,1,2
UAE_site,HES-90058,1,3
UAE_site,FCL-FC021,1,1
kuwait,NAT-100011,1,0
UAE,NAT-100011,1,21
kuwait,NAT-100011-1,1,0
UAE,NAT-100011-1,1,12
kuwait,NAT-100012,1,0
UAE,NAT-100012,1,11
kuwait,111,1,0
UAE,111,1,12
UAE_site,DYSON-DIFFUSER,1,1
kuwait,DYSON-DIFFUSER-1,1,11
UAE,DYSON-DIFFUSER-1,1,0
UAE_site,DYSON-DIFFUSER-1,1,1
kuwait,DYS-11681,1,0
UAE,DYS-11681,1,0
UAE_site,DYS-11681,1,1
kuwait,CEI-CE0046-1,1,145
UAE,CEI-CE0046-1,1,8
UAE_site,CEI-CE0046-1,1,6
kuwait,CEI-CU1000,1,26
UAE,CEI-CU1000,1,53
UAE_site,DEN-D3ORIG,1,5
UAE_site,DEN-D4ORIG,1,1
UAE_site,DEN-D83PAD,1,6
UAE_site,DEN-D4WHIT,1,6
UAE_site,DEN-D90LPNK,1,6
kuwait,LC-12-01-P,1,180
UAE,LC-12-01-P,1,0
UAE_site,LC-12-01-P,1,0
kuwait,INS-LC-12-01-P,1,53
UAE,INS-LC-12-01-P,1,14
UAE_site,INS-LC-12-01-P,1,3
kuwait,INS-CLS-12-01-P,1,53
UAE,INS-CLS-12-01-P,1,24
UAE_site,INS-CLS-12-01-P,1,0
kuwait,INS-CON-12-01-P,1,116
UAE,INS-CON-12-01-P,1,0
UAE_site,INS-CON-12-01-P,1,1
kuwait,INS-GC-12-01-P,1,63
UAE,INS-GC-12-01-P,1,23
UAE_site,INS-GC-12-01-P,1,0
kuwait,TESTING PRODUCT,1,9
UAE,TESTING PRODUCT,1,10
UAE_site,TESTING PRODUCT,1,10
kuwait,MIX-MEN01,1,0
UAE,MIX-MEN01,1,14
UAE_site,MIX-MEN01,1,3
kuwait,MIX-MEN03,1,0
UAE,MIX-MEN03,1,19
UAE_site,MIX-MEN03,1,3
kuwait,MIX-MEN02,1,0
UAE,MIX-MEN02,1,16
UAE_site,MIX-MEN02,1,3
kuwait,MIX-MEN04,1,0
UAE,MIX-MEN04,1,17
UAE_site,MIX-MEN04,1,1
kuwait,CSM-ST301,1,0
UAE,CSM-ST301,1,5
UAE_site,CSM-ST301,1,0
kuwait,CSM-ST302,1,0
UAE,CSM-ST302,1,5
UAE_site,CSM-ST302,1,0
kuwait,CEI-CEI301,1,1
UAE,CEI-CEI301,1,2
UAE_site,CEI-CEI301,1,0
kuwait,CEI-CEI302,1,0
UAE,CEI-CEI302,1,1
UAE_site,CEI-CEI302,1,0
kuwait,CSM-FC004,1,0
UAE,CSM-FC004,1,74
kuwait,CSM-FC001,1,0
UAE,CSM-FC001,1,41
kuwait,CSM-FC002,1,0
UAE,CSM-FC002,1,49
kuwait,CSM-FC003,1,0
UAE,CSM-FC003,1,35
UAE_site,CSM-ASC01,1,0
UAE_site,RZC-KIT01,1,0
UAE_site,RZC-KIT03,1,0
UAE_site,INS-60904,1,0
UAE_site,BNC-000005,1,0
UAE_site,BNC-000002,1,0
UAE_site,BNC-000004,1,0
UAE_site,FCL-KIT09,1,0
UAE_site,FCL-KIT02,1,0
UAE_site,FCL-KIT01,1,0
UAE_site,MNL-KIT001,1,0
UAE_site,CBB-11028,1,0
UAE_site,CSM-KIT05,1,0
UAE_site,CCQ-11041,1,0
UAE_site,BCL-2010,1,23
kuwait,CKR-20018,1,1
UAE,CKR-20018,1,0
kuwait,CKR-20018-1,1,0
UAE,CKR-20018-1,1,18
UAE_site,CKR-20018-1,1,6
kuwait,CKR-20019,1,11
UAE,CKR-20019,1,11
UAE_site,BCL-0005,1,0
UAE_site,BCL-0013,1,0
UAE_site,BCL-VI001,1,0
kuwait,CKR-20016,1,24
UAE,CKR-20016,1,11
kuwait,CKR-20016-1,1,0
UAE,CKR-20016-1,1,18
UAE_site,CKR-20016-1,1,6
kuwait,CKR-20017,1,9
UAE,CKR-20017,1,2
kuwait,CKR-20011,1,69
UAE,CKR-20011,1,3
kuwait,CKR-20012,1,0
UAE,CKR-20012,1,0
kuwait,CGM-10004,1,0
UAE,CGM-10004,1,40
kuwait,CGM-10001,1,0
UAE,CGM-10001,1,12
kuwait,CGM-10005,1,0
UAE,CGM-10005,1,23
kuwait,CGM-10006,1,0
UAE,CGM-10006,1,34
kuwait,CGM-10003,1,0
UAE,CGM-10003,1,15
kuwait,CGM-10002,1,0
UAE,CGM-10002,1,12
kuwait,CGM-KIT01,1,0
UAE,CGM-KIT01,1,4
kuwait,CGM-KIT02,1,0
UAE,CGM-KIT02,1,1
kuwait,CGM-KIT03,1,0
UAE,CGM-KIT03,1,5
kuwait,CLE-CE0044,1,0
UAE,CLE-CE0044,1,33
kuwait,BCL-FF1008,1,0
UAE,BCL-FF1008,1,72
UAE_site,BCL-FF1008,1,24
kuwait,BCL-FF1005,1,0
UAE,BCL-FF1005,1,75
UAE_site,BCL-FF1005,1,23
kuwait,BCL-FFKIT,1,0
UAE,BCL-FFKIT,1,8
UAE_site,BCL-FFKIT,1,0
kuwait,SOC-11227-1,1,0
UAE,SOC-11227-1,1,0
UAE,BCL-1380,1,35
kuwait,BCL-1380,1,73
UAE_site,BCL-1380,1,21
kuwait,gccproduct,1,10
UAE,gccproduct,1,10
UAE_site,gccproduct,1,10
UAE_site,HES-90054-1,1,2
kuwait,HES,1,10
UAE,HES,1,0
UAE_site,HES,1,0
UAE_site,HES-90030-1,1,0
kuwait,HES-11688,1,13
UAE,HES-11688,1,0
UAE_site,HES-11688,1,0
UAE_site,CKR-BBCW,1,2
UAE_site,LUS-11155,1,3
UAE_site,JES-11111-1,1,3
kuwait,BCL-FF1380,1,0
UAE,BCL-FF1380,1,95
UAE_site,BCL-FF1380,1,24
kuwait,BCL-FF1384,1,0
UAE,BCL-FF1384,1,81
UAE_site,BCL-FF1384,1,24
kuwait,CBR-10001,1,2
kuwait,CBR-CU028-6967,1,1
kuwait,CBR-CU028-6094,1,4
kuwait,CBR-CU028-6095,1,2
kuwait,CBR-CU028-6097,1,1
kuwait,CBR-CU028-2866,1,0
kuwait,CBR-CU028-2869,1,1
kuwait,CBR-CU028-2867,1,5
kuwait,CBR-CU028-6093,1,3
kuwait,CBR-CU028-6714,1,4
UAE_site,AIA-501021,1,1
UAE_site,AIA-501611,1,6
UAE_site,AIA-501020,1,3
UAE_site,AIA-501024,1,5
UAE_site,AIA-501607,1,1
UAE_site,BCL-1006,1,4
UAE_site,BCL-1101,1,6
UAE_site,BCL-2011,1,2
UAE_site,BCL-2013,1,1
UAE_site,CGM-10001,1,4
UAE_site,CGM-10005,1,11
UAE_site,CGM-10006,1,10
UAE_site,CGM-10002,1,4
UAE_site,CGM-10003,1,3
UAE_site,CGM-10004,1,9
UAE_site,CGM-KIT03,1,0
UAE_site,CGM-KIT02,1,0
UAE_site,CGM-KIT01,1,0
UAE_site,CSM-FC001,1,3
UAE_site,CSM-FC002,1,3
UAE_site,CSM-FC003,1,3
UAE_site,CSM-FC004,1,4
UAE_site,CEI-CEIKIT,1,0
UAE_site,LUS-11152,1,0
UAE_site,LUS-11157,1,3
UAE_site,LUS-11166,1,0
UAE_site,LUS-11163,1,1
UAE,Warehouse testing,1,2
kuwait,Hair We Go - Palm Island Hair Mist,1,20
kuwait,Hair We Go - Fancy Babe Hair Mist,1,20
kuwait,Hair We Go - Under The Sun Hair Mist,1,20
kuwait,HWG-11670,1,20
kuwait,HWG-11700,1,0
kuwait,HWG-11701,1,0
kuwait,HWG-11702,1,0
UAE_site,JES-11090-1,1,24
kuwait,JES-11684,1,4
kuwait,JES-11684-1,1,12
kuwait,JES-11703,1,7
kuwait,Test Product,1,0
UAE,Test Product,1,3
UAE_site,Test Product,1,3
kuwait,SMO-10011,1,0
UAE,SMO-10011,1,14
kuwait,SMO-10011-1,1,0
UAE,SMO-10011-1,1,21
UAE_site,SMO-10011-1,1,3
kuwait,SMO-10012,1,0
UAE,SMO-10012,1,18
kuwait,SMO-10012-1,1,0
UAE,SMO-10012-1,1,21
UAE_site,SMO-10012-1,1,3
kuwait,SMO-10013,1,0
UAE,SMO-10013,1,16
kuwait,SMO-10014,1,0
UAE,SMO-10014,1,21
kuwait,SMO-10013-1,1,0
UAE,SMO-10013-1,1,21
UAE_site,SMO-10013-1,1,3
kuwait,SMO-10015,1,0
UAE,SMO-10015,1,14
kuwait,AIA-501678-1,1,0
UAE,AIA-501678-1,1,18
UAE_site,AIA-501678-1,1,5
kuwait,AIA-501679-1,1,0
UAE,AIA-501679-1,1,18
UAE_site,AIA-501679-1,1,4
kuwait,AIA-501680-1,1,0
UAE,AIA-501680-1,1,15
UAE_site,AIA-501680-1,1,4
kuwait,AIA-501610-1,1,0
UAE,AIA-501610-1,1,1
UAE_site,AIA-501610-1,1,1
kuwait,AIA-501607-1,1,0
UAE,AIA-501607-1,1,3
UAE_site,AIA-501607-1,1,3
kuwait,AIA-501606-1,1,0
UAE,AIA-501606-1,1,6
UAE_site,AIA-501606-1,1,0
kuwait,AIA-501539-1,1,0
UAE,AIA-501539-1,1,13
UAE_site,AIA-501539-1,1,4
kuwait,AIA-501547-1,1,0
UAE,AIA-501547-1,1,27
UAE_site,AIA-501547-1,1,2
kuwait,AIA-501771,1,0
UAE,AIA-501771,1,0
UAE_site,AIA-501771,1,2
kuwait,AIA-501772,1,0
UAE,AIA-501772,1,3
UAE_site,AIA-501772,1,1
kuwait,AIA-501770,1,0
UAE,AIA-501770,1,0
UAE_site,AIA-501770,1,0
kuwait,AIA-501728-1,1,0
UAE,AIA-501728-1,1,0
kuwait,AIA-501733,1,0
UAE,AIA-501733,1,7
kuwait,AIA-501022-1,1,4
UAE,AIA-501022-1,1,15
UAE_site,AIA-501022-1,1,6
kuwait,AIA-501735,1,0
UAE,AIA-501735,1,17
UAE_site,AIA-501735,1,3
UAE_site,AIA-501733,1,3
kuwait,Ultra Hydrating Shampoo,1,0
UAE,Ultra Hydrating Shampoo,1,0
UAE_site,Ultra Hydrating Shampoo,1,0
kuwait,SUT-10001,1,0
UAE,SUT-10001,1,0
UAE_site,SUT-10001,1,1
kuwait,SUT-10002,1,0
UAE,SUT-10002,1,2
UAE_site,SUT-10002,1,1
kuwait,SUT-10003,1,0
UAE,SUT-10003,1,1
UAE_site,SUT-10003,1,2
kuwait,SUT-10005,1,0
UAE,SUT-10005,1,0
UAE_site,SUT-10005,1,1
kuwait,SUT-10006,1,0
UAE,SUT-10006,1,4
UAE_site,SUT-10006,1,2
kuwait,INS-RM-12-01-P,1,4
UAE,INS-RM-12-01-P,1,11
UAE_site,INS-RM-12-01-P,1,3
UAE_site,INS-11546-1,1,1
kuwait,INS-MCN-12-01-P,1,9
UAE,INS-MCN-12-01-P,1,15
UAE_site,INS-MCN-12-01-P,1,3
UAE_site,INS-11548-1,1,1
kuwait,INS-MHM-12-01-P,1,9
UAE,INS-MHM-12-01-P,1,3
UAE_site,INS-MHM-12-01-P,1,3
kuwait,INS-MLM-12-01-P,1,11
UAE,INS-MLM-12-01-P,1,14
UAE_site,INS-MLM-12-01-P,1,3
UAE_site,INS-11550-1,1,0
kuwait,INS-MSH-12-01-P,1,5
UAE,INS-MSH-12-01-P,1,6
UAE_site,INS-MSH-12-01-P,1,2
UAE_site,BNC-500012,1,4
UAE_site,BRE-100012,1,3
UAE_site,CSM-MO012,1,5
UAE_site,CSM-MO014,1,0
UAE_site,CSM-ST007,1,6
UAE_site,RZC-32039,1,1
kuwait,RZC-20241,1,0
UAE,RZC-20241,1,12
UAE_site,RZC-20241,1,4
kuwait,RZC-20242,1,0
UAE,RZC-20242,1,15
UAE_site,RZC-20242,1,0
kuwait,SUT-10004,1,0
UAE,SUT-10004,1,0
UAE_site,SUT-10004,1,0
kuwait,NAT-100013,1,0
UAE,NAT-100013,1,14
UAE_site,NAT-100013,1,3
kuwait,NAT-100014,1,0
UAE,NAT-100014,1,7
UAE_site,NAT-100014,1,3
kuwait,MNL-600005,1,0
UAE,MNL-600005,1,17
UAE_site,MNL-600005,1,6
kuwait,BCL-1258-1,1,116
UAE,BCL-1258-1,1,155
UAE_site,BCL-1258-1,1,6
UAE_site,BNC-500011,1,4
kuwait,ASA-12303,1,0
UAE,ASA-12303,1,0
UAE_site,ASA-12303,1,0
kuwait,FCL-FC010R,1,0
UAE,FCL-FC010R,1,75
UAE_site,FCL-FC010R,1,5
kuwait,FCL-FC009R,1,0
UAE,FCL-FC009R,1,75
UAE_site,FCL-FC009R,1,6
kuwait,FCL-FC028R,1,0
UAE,FCL-FC028R,1,78
UAE_site,FCL-FC028R,1,11
kuwait,FCL-FC001R,1,0
UAE,FCL-FC001R,1,49
UAE_site,FCL-FC001R,1,4
kuwait,FCL-FCKIT1,1,0
UAE,FCL-FCKIT1,1,5
UAE_site,FCL-FCKIT1,1,3
kuwait,FCL-FC020R,1,0
UAE,FCL-FC020R,1,46
UAE_site,FCL-FC020R,1,12
kuwait,FCL-FC018R,1,0
UAE,FCL-FC018R,1,45
UAE_site,FCL-FC018R,1,12
kuwait,FCL-FC005-1,1,0
UAE,FCL-FC005-1,1,0
UAE_site,FCL-FC005-1,1,0
kuwait,FCL-FC021R,1,0
UAE,FCL-FC021R,1,46
UAE_site,FCL-FC021R,1,6
kuwait,FCL-FC019R,1,0
UAE,FCL-FC019R,1,46
UAE_site,FCL-FC019R,1,11
kuwait,FCL-FCKIT2,1,0
UAE,FCL-FCKIT2,1,0
UAE_site,FCL-FCKIT2,1,0
kuwait,FCL-FCKIT3,1,0
UAE,FCL-FCKIT3,1,9
UAE_site,FCL-FCKIT3,1,0
kuwait,FCL-FC006R,1,0
UAE,FCL-FC006R,1,80
UAE_site,FCL-FC006R,1,12
kuwait,FCL-FC002R,1,0
UAE,FCL-FC002R,1,71
UAE_site,FCL-FC002R,1,10
kuwait,FCL-FC029R,1,0
UAE,FCL-FC029R,1,51
UAE_site,FCL-FC029R,1,6
kuwait,FCL-FC030R,1,0
UAE,FCL-FC030R,1,54
UAE_site,FCL-FC030R,1,6
kuwait,FCL-FCKIT5,1,0
UAE,FCL-FCKIT5,1,11
UAE_site,FCL-FCKIT5,1,0
kuwait,FCL-FCKIT6,1,0
UAE,FCL-FCKIT6,1,7
UAE_site,FCL-FCKIT6,1,0
kuwait,FCL-FC016R,1,0
UAE,FCL-FC016R,1,37
UAE_site,FCL-FC016R,1,0
kuwait,FCL-FC017R,1,0
UAE,FCL-FC017R,1,34
UAE_site,FCL-FC017R,1,6
UAE_site,INS-60511-1,1,4
kuwait,RLC-12-01-P,1,12
UAE,RLC-12-01-P,1,0
UAE_site,RLC-12-01-P,1,0
UAE_site,INS-60505-1,1,8
kuwait,MPC-12-01-P,1,18
UAE,MPC-12-01-P,1,0
UAE_site,MPC-12-01-P,1,0
UAE_site,INS-60507-1,1,3
kuwait,CSG-12-01-P,1,24
UAE,CSG-12-01-P,1,0
UAE_site,CSG-12-01-P,1,0
kuwait,INS-60506-1,1,0
UAE,INS-60506-1,1,6
UAE_site,INS-60506-1,1,6
kuwait,MM-12-01-P,1,12
UAE,MM-12-01-P,1,0
UAE_site,MM-12-01-P,1,0
kuwait,INS-RLC-12-01-P,1,4
UAE,INS-RLC-12-01-P,1,0
UAE_site,INS-RLC-12-01-P,1,0
kuwait,INS-MPC-12-01-P,1,10
UAE,INS-MPC-12-01-P,1,12
UAE_site,INS-MPC-12-01-P,1,0
kuwait,INS-CSG-12-01-P,1,0
UAE,INS-CSG-12-01-P,1,9
UAE_site,INS-CSG-12-01-P,1,0
kuwait,INS-MM-12-01-P,1,6
UAE,INS-MM-12-01-P,1,9
UAE_site,INS-MM-12-01-P,1,0
kuwait,INS-PMG-12-01-P,1,24
UAE,INS-PMG-12-01-P,1,0
UAE_site,INS-PMG-12-01-P,1,0
kuwait,CRL-10001,1,0
UAE,CRL-10001,1,21
UAE_site,CRL-10001,1,6
kuwait,CRL-10002,1,0
UAE,CRL-10002,1,23
UAE_site,CRL-10002,1,6
kuwait,CRL-10003,1,0
UAE,CRL-10003,1,22
UAE_site,CRL-10003,1,6
kuwait,CRL-10005,1,0
UAE,CRL-10005,1,3
UAE_site,CRL-10005,1,0
UAE_site,THC-10002,1,1
UAE_site,NAT-100012,1,3
UAE_site,NAT-100011,1,2
UAE_site,AIA-501729,1,3
UAE_site,AIA-501730,1,2
UAE_site,AIA-501731,1,2
UAE_site,BNC-500002,1,8
UAE_site,BNC-500005,1,4
UAE_site,BNC-500007,1,10
UAE_site,BNC-500009,1,4
UAE_site,BNC-500010,1,1
UAE_site,BRE-100002,1,2
UAE_site,BRE-100004,1,2
UAE_site,BRE-100005,1,4
UAE_site,BRE-100006,1,2
UAE_site,BRE-100007,1,1
UAE_site,BRE-100009,1,3
UAE_site,CFL-11001,1,3
UAE_site,CFL-11002,1,3
UAE_site,CFL-11003,1,3
UAE_site,CFL-11004,1,3
UAE_site,CFL-11005,1,3
UAE_site,CFL-11006,1,3
UAE_site,CFL-11007,1,3
UAE_site,CFL-11008,1,3
UAE_site,CFL-11009,1,3
UAE_site,CFL-11011,1,2
UAE_site,CFL-11012,1,3
UAE_site,CFL-11014,1,3
UAE_site,ECO-11050,1,2
UAE_site,ECO-11051,1,2
UAE_site,ECO-11055,1,2
UAE_site,ECO-11057,1,0
UAE_site,ECO-21001,1,2
UAE_site,FCL-KIT03,1,3
UAE_site,HES-11283,1,4
UAE_site,HES-11299,1,4
UAE_site,HES-90011,1,2
UAE_site,HES-90018,1,2
UAE_site,HES-90019,1,3
UAE_site,HES-90021,1,2
UAE_site,HES-90047,1,3
UAE_site,HES-90056,1,0
UAE_site,HES-90057,1,1
UAE_site,INS-60502,1,2
UAE_site,INS-60520,1,2
UAE_site,MIX-11171,1,3
UAE_site,MIX-11172,1,3
UAE_site,MIX-11173,1,3
UAE_site,MIX-11175,1,2
UAE_site,MIX-11176,1,2
UAE_site,MIX-11178,1,1
UAE_site,MIX-11179,1,3
UAE_site,MIX-11182,1,3
UAE_site,JES-11143-1,1,33
kuwait,JES-20143,1,36
UAE,JES-20143,1,0
UAE_site,JES-20143,1,0
UAE_site,JES-11079-1,1,35
kuwait,JES-20079,1,36
UAE,JES-20079,1,0
UAE_site,JES-20079,1,0
UAE_site,JES-11084-1,1,0
kuwait,JES-11090-2,1,93
UAE,JES-11090-2,1,35
UAE_site,JES-11090-2,1,24
kuwait,JES-20090,1,36
UAE,JES-20090,1,0
UAE_site,JES-20090,1,0
UAE_site,JES-11093-1,1,34
kuwait,JES-20093,1,36
UAE,JES-20093,1,0
UAE_site,JES-20093,1,0
UAE_site,JES-11098-1,1,24
kuwait,JES-20098,1,36
UAE,JES-20098,1,0
UAE_site,JES-20098,1,0
UAE_site,JES-11103-1,1,35
kuwait,JES-20103,1,36
UAE,JES-20103,1,0
UAE_site,JES-20103,1,0
UAE_site,JES-11125-1,1,36
kuwait,JES-20125,1,36
UAE,JES-20125,1,0
UAE_site,JES-20125,1,0
UAE_site,JES-11133-1,1,31
kuwait,JES-20133,1,36
UAE,JES-20133,1,0
UAE_site,JES-20133,1,0
kuwait,JES-20133-1,1,36
UAE,JES-20133-1,1,0
UAE_site,JES-20133-1,1,0
kuwait,JES-11079S,1,32
UAE,JES-11079S,1,0
UAE_site,JES-11079S,1,0
kuwait,JES-11084S,1,32
UAE,JES-11084S,1,0
UAE_site,JES-11084S,1,0
kuwait,JES-11090S,1,31
UAE,JES-11090S,1,0
UAE_site,JES-11090S,1,0
kuwait,JES-11093S,1,30
UAE,JES-11093S,1,0
UAE_site,JES-11093S,1,0
kuwait,JES-11098S,1,29
UAE,JES-11098S,1,0
UAE_site,JES-11098S,1,0
kuwait,JES-11103S,1,30
UAE,JES-11103S,1,0
UAE_site,JES-11103S,1,0
kuwait,JES-11125S,1,30
UAE,JES-11125S,1,0
UAE_site,JES-11125S,1,0
kuwait,JES-11143S,1,34
UAE,JES-11143S,1,0
UAE_site,JES-11143S,1,0
kuwait,KCL-K-SC12-1,1,27
UAE,KCL-K-SC12-1,1,0
UAE_site,KCL-K-SC12-1,1,2
UAE_site,KCL-K-SC12S,1,0
kuwait,KCL-K-MM8-1,1,22
UAE,KCL-K-MM8-1,1,0
UAE_site,KCL-K-MM8-1,1,1
UAE_site,KCL-K-MM8S,1,1
UAE_site,KCL-K-CC8S,1,0
kuwait,BNC-BRUSH,1,0
UAE,BNC-BRUSH,1,50
UAE_site,BNC-BRUSH,1,0
kuwait,BNC-50015,1,0
UAE,BNC-50015,1,25
UAE_site,BNC-50015,1,0
kuwait,BNC-550003,1,0
UAE,BNC-550003,1,36
UAE_site,BNC-550003,1,0
kuwait,BNC-50016,1,0
UAE,BNC-50016,1,50
UAE_site,BNC-50016,1,0
kuwait,BNC-500015,1,0
UAE,BNC-500015,1,0
UAE_site,BNC-500015,1,2
kuwait,BNC-500016,1,0
UAE,BNC-500016,1,0
UAE_site,BNC-500016,1,0
kuwait,9095353838933-Purple-100,1,30
UAE,9095353838933-Purple-100,1,30
UAE_site,9095353838933-Purple-100,1,10
kuwait,9095353838933-Purple-250,1,100
UAE,9095353838933-Purple-250,1,100
UAE_site,9095353838933-Purple-250,1,50
kuwait,9095353838933-Purple-500,1,30
UAE,9095353838933-Purple-500,1,30
UAE_site,9095353838933-Purple-500,1,30
kuwait,9095353838933-Green-100,1,30
UAE,9095353838933-Green-100,1,30
UAE_site,9095353838933-Green-100,1,10
kuwait,9095353838933-Green-250,1,100
UAE,9095353838933-Green-250,1,100
UAE_site,9095353838933-Green-250,1,50
kuwait,9095353838933-Green-500,1,30
UAE,9095353838933-Green-500,1,30
UAE_site,9095353838933-Green-500,1,30
kuwait,9095353838933-RED-100,1,30
UAE,9095353838933-RED-100,1,30
UAE_site,9095353838933-RED-100,1,10
kuwait,9095353838933-RED-250,1,100
UAE,9095353838933-RED-250,1,100
UAE_site,9095353838933-RED-250,1,50
kuwait,9095353838933-RED-500,1,30
UAE,9095353838933-RED-500,1,30
UAE_site,9095353838933-RED-500,1,30
kuwait,9095353838933-Purple,1,10
UAE,9095353838933-Purple,1,10
UAE_site,9095353838933-Purple,1,10
kuwait,9095353838933-Green,1,10
UAE,9095353838933-Green,1,10
UAE_site,9095353838933-Green,1,10
kuwait,9095353838933-RED,1,10
UAE,9095353838933-RED,1,10
UAE_site,9095353838933-RED,1,10
UAE_site,CLE-CEWDB,1,1
kuwait,KCL-K-CC8S-1,1,9
UAE,KCL-K-CC8S-1,1,0
UAE_site,KCL-K-CC8S-1,1,0
kuwait,FCL-FC012R,1,0
UAE,FCL-FC012R,1,96
UAE_site,FCL-FC012R,1,0
UAE_site,UFD-11253,1,0
UAE_site,UFD-11255,1,0
UAE_site,UFD-11252,1,0
kuwait,ECO-11047-1,1,0
UAE,ECO-11047-1,1,0
kuwait,ECO-11061,1,0
UAE,ECO-11061,1,16
UAE_site,ECO-11061,1,0
kuwait,ECO-11050-1,1,0
UAE,ECO-11050-1,1,3
UAE_site,ECO-11050-1,1,2
kuwait,ECO-11060,1,0
UAE,ECO-11060,1,6
UAE_site,ECO-11060,1,0
kuwait,ECO-11054-1,1,0
UAE,ECO-11054-1,1,0
kuwait,ECO-11059,1,0
UAE,ECO-11059,1,15
UAE_site,ECO-11059,1,0
kuwait,ECO-11045-1,1,0
UAE,ECO-11045-1,1,0
kuwait,ECO-11062,1,0
UAE,ECO-11062,1,7
kuwait,ECO-11066,1,0
UAE,ECO-11066,1,7
kuwait,ECO-11063,1,0
UAE,ECO-11063,1,7
UAE_site,ECO-11063,1,0
kuwait,FCL-FC011R,1,0
UAE,FCL-FC011R,1,87
UAE_site,FCL-FC011R,1,0
kuwait,FCL-FC005R,1,0
UAE,FCL-FC005R,1,70
UAE_site,FCL-FC005R,1,0
kuwait,PCG-10002-1,1,0
UAE,PCG-10002-1,1,0
UAE_site,PCG-10002-1,1,3
kuwait,PCG-10020,1,0
UAE,PCG-10020,1,9
UAE_site,PCG-10020,1,0
kuwait,PCG-10010-1,1,0
UAE,PCG-10010-1,1,0
UAE_site,PCG-10010-1,1,2
kuwait,PCG-10021,1,0
UAE,PCG-10021,1,8
UAE_site,PCG-10021,1,0
kuwait,PCG-10016,1,0
UAE,PCG-10016,1,4
UAE_site,PCG-10016,1,0
kuwait,ECO-11065,1,0
UAE,ECO-11065,1,8
UAE_site,ECO-11065,1,0
kuwait,ECO-11064,1,0
UAE,ECO-11064,1,3
UAE_site,ECO-11064,1,0
kuwait,PCG-10004-1,1,0
UAE,PCG-10004-1,1,0
UAE_site,PCG-10004-1,1,3
kuwait,PCG-10015,1,0
UAE,PCG-10015,1,3
UAE_site,PCG-10015,1,0
kuwait,PCG-10011-1,1,0
UAE,PCG-10011-1,1,1
UAE_site,PCG-10011-1,1,0
kuwait,PCG-10018,1,0
UAE,PCG-10018,1,21
UAE_site,PCG-10018,1,0
kuwait,PCG-10008-1,1,0
UAE,PCG-10008-1,1,0
UAE_site,PCG-10008-1,1,0
kuwait,PCG-10023,1,0
UAE,PCG-10023,1,1
UAE_site,PCG-10023,1,0
kuwait,PCG-10024,1,0
UAE,PCG-10024,1,12
UAE_site,PCG-10024,1,0
kuwait,PCG-10019,1,0
UAE,PCG-10019,1,9
UAE_site,PCG-10019,1,0
kuwait,PCG-10019-1,1,0
UAE,PCG-10019-1,1,12
UAE_site,PCG-10019-1,1,0
kuwait,PCG-10022,1,0
UAE,PCG-10022,1,9
UAE_site,PCG-10022,1,0
kuwait,PCG-10022-1,1,0
UAE,PCG-10022-1,1,12
UAE_site,PCG-10022-1,1,0
kuwait,PCG-10025,1,0
UAE,PCG-10025,1,4
UAE_site,PCG-10025,1,0
kuwait,PCG-10015-1,1,0
UAE,PCG-10015-1,1,6
UAE_site,PCG-10015-1,1,0
kuwait,PCG-10017,1,0
UAE,PCG-10017,1,4
UAE_site,PCG-10017,1,0
kuwait,BNC-500016-1,1,0
UAE,BNC-500016-1,1,0
UAE_site,BNC-500016-1,1,4
kuwait,BNC-500017,1,99
UAE,BNC-500017,1,50
UAE_site,BNC-500017,1,0
kuwait,CSM-VL001,1,0
UAE,CSM-VL001,1,22
UAE_site,CSM-VL001,1,0
kuwait,CSM-VL002,1,0
UAE,CSM-VL002,1,23
UAE_site,CSM-VL002,1,0
kuwait,CSM-VL003,1,0
UAE,CSM-VL003,1,35
UAE_site,CSM-VL003,1,0
kuwait,CSM-VL004,1,0
UAE,CSM-VL004,1,40
UAE_site,CSM-VL004,1,0
kuwait,CSM-VL005,1,0
UAE,CSM-VL005,1,16
UAE_site,CSM-VL005,1,0
UAE_site,INS-60504-1,1,6
kuwait,INS-LSG-12-01-P,1,22
UAE,INS-LSG-12-01-P,1,3
UAE_site,INS-LSG-12-01-P,1,0
UAE_site,INS-60512-1,1,8
kuwait,INS-RS-12-01-P,1,12
UAE,INS-RS-12-01-P,1,0
UAE_site,INS-RS-12-01-P,1,0
UAE_site,BNC-500014,1,2
UAE_site,BNC-500013,1,2
UAE_site,AIA-501681,1,2
UAE_site,AIA-501030,1,2
kuwait,AIA-501012-1,1,12
UAE,AIA-501012-1,1,51
UAE_site,AIA-501012-1,1,5
kuwait,FIX-10012,1,0
UAE,FIX-10012,1,9
UAE_site,FIX-10012,1,0
kuwait,FIX-10011,1,0
UAE,FIX-10011,1,9
UAE_site,FIX-10011,1,0
kuwait,FIX-10014,1,0
UAE,FIX-10014,1,9
UAE_site,FIX-10014,1,0
kuwait,FIX-10013,1,0
UAE,FIX-10013,1,9
UAE_site,FIX-10013,1,0
kuwait,FIX-10015,1,0
UAE,FIX-10015,1,9
UAE_site,FIX-10015,1,0
kuwait,FIX-10016,1,0
UAE,FIX-10016,1,6
UAE_site,FIX-10016,1,0
kuwait,FIX-10017,1,0
UAE,FIX-10017,1,9
UAE_site,FIX-10017,1,0
UAE_site,HES-90014,1,3
UAE_site,HES-90015,1,3
UAE_site,HES-90024,1,6
kuwait,FIX-10018,1,0
UAE,FIX-10018,1,9
UAE_site,FIX-10018,1,0
kuwait,FIX-10020,1,0
UAE,FIX-10020,1,8
UAE_site,FIX-10020,1,0
kuwait,FIX-10019,1,0
UAE,FIX-10019,1,9
UAE_site,FIX-10019,1,0
kuwait,FIX-10019-1,1,0
UAE,FIX-10019-1,1,0
UAE_site,FIX-10019-1,1,0
kuwait,FIX-10021,1,0
UAE,FIX-10021,1,9
UAE_site,FIX-10021,1,0
kuwait,FIX-10021-1,1,0
UAE,FIX-10021-1,1,0
UAE_site,FIX-10021-1,1,0
kuwait,FIX-10022,1,0
UAE,FIX-10022,1,9
UAE_site,FIX-10022,1,0
kuwait,FIX-10023,1,0
UAE,FIX-10023,1,8
UAE_site,FIX-10023,1,0
kuwait,FIX-10024,1,0
UAE,FIX-10024,1,9
UAE_site,FIX-10024,1,0
kuwait,FIX-10025,1,0
UAE,FIX-10025,1,9
UAE_site,FIX-10025,1,0
kuwait,FIX-10027,1,0
UAE,FIX-10027,1,9
UAE_site,FIX-10027,1,0
kuwait,FIX-10026,1,0
UAE,FIX-10026,1,9
UAE_site,FIX-10026,1,0
kuwait,FIX-10028,1,0
UAE,FIX-10028,1,3
UAE_site,FIX-10028,1,0
UAE_site,CLE-CE0001-1,1,8
kuwait,CLE-CE0015,1,58
UAE,CLE-CE0015,1,0
UAE_site,CLE-CE0015,1,0
UAE_site,CLE-CE0002-1,1,7
kuwait,CLE-CE0013,1,60
UAE,CLE-CE0013,1,0
UAE_site,CLE-CE0013,1,0
UAE_site,CLE-CE0004-1,1,10
kuwait,CLE-CE0014,1,59
UAE,CLE-CE0014,1,0
UAE_site,CLE-CE0014,1,0
kuwait,CSM-KIT20,1,0
UAE,CSM-KIT20,1,45
UAE_site,CSM-KIT20,1,3
kuwait,Bounce Curl - Volume EdgeLift Brush,1,0
UAE,Bounce Curl - Volume EdgeLift Brush,1,30
UAE_site,Bounce Curl - Volume EdgeLift Brush,1,0
kuwait,BNC-500018,1,43
UAE,BNC-500018,1,0
UAE_site,BNC-500018,1,25
kuwait,RZC-11206-1,1,0
UAE,RZC-11206-1,1,37
UAE_site,RZC-11206-1,1,5
UAE_site,CSM-MO001-1,1,0
UAE_site,CSM-ST001-1,1,5
kuwait,CSM-ST013,1,0
UAE,CSM-ST013,1,12
UAE_site,CSM-ST013,1,0
kuwait,CSM-ST004-1,1,0
UAE,CSM-ST004-1,1,50
UAE_site,CSM-ST004-1,1,1
kuwait,8.50005E+11,1,0
UAE,8.50005E+11,1,9
UAE_site,8.50005E+11,1,0
kuwait,CSM-ST015,1,0
UAE,CSM-ST015,1,9
UAE_site,CSM-ST015,1,0
kuwait,CSM-MO016-1,1,0
UAE,CSM-MO016-1,1,39
UAE_site,CSM-MO016-1,1,1
kuwait,CSM-MO018,1,0
UAE,CSM-MO018,1,12
UAE_site,CSM-MO018,1,0
UAE_site,CSM-MO004-1,1,0
kuwait,CSM-MO019,1,0
UAE,CSM-MO019,1,12
UAE_site,CSM-MO019,1,0
kuwait,CSM-MO020,1,0
UAE,CSM-MO020,1,9
UAE_site,CSM-MO020,1,0
kuwait,CSM-ST006-1,1,0
UAE,CSM-ST006-1,1,72
UAE_site,CSM-ST006-1,1,0
kuwait,CSM-ST014,1,0
UAE,CSM-ST014,1,9
UAE_site,CSM-ST014,1,0
UAE_site,CSM-MO003-1,1,0
kuwait,CSM-MO017,1,0
UAE,CSM-MO017,1,12
UAE_site,CSM-MO017,1,0
UAE_site,CSM-SC004-1,1,2
kuwait,CSM-SC013,1,0
UAE,CSM-SC013,1,12
UAE_site,CSM-SC013,1,0
kuwait,CSM-SC008-1,1,0
UAE,CSM-SC008-1,1,44
UAE_site,CSM-SC008-1,1,0
kuwait,CSM-SC014,1,0
UAE,CSM-SC014,1,12
UAE_site,CSM-SC014,1,0
kuwait,TOL-10012,1,0
UAE,TOL-10012,1,12
UAE_site,TOL-10012,1,0
kuwait,TOL-10011,1,0
UAE,TOL-10011,1,12
UAE_site,TOL-10011,1,0
